I_real,I_imag,V_real,V_imag
545.8219305471648,184.17406816043905,4.25415,0
540.8330929448663,183.87842653419034,4.25981,0
543.2589210952589,185.1463313555396,4.25715,0
542.1075629896721,182.50156755052473,4.25011,0
538.3814232318862,184.51058441132494,4.26622,0
528.0650823844378,182.3288104012004,4.26181,0
515.0094944632748,178.6737410524616,4.24938,0
502.74474709363193,177.46391993518043,4.25262,0
491.58744697700826,177.27496326223593,4.25838,0
488.7844713994818,174.26928186783007,4.24349,0
487.97102639795236,174.18639952685433,4.24601,0
472.97777587873014,170.27118303990747,4.24386,0
468.83093455182666,170.51339590560264,4.24611,0
458.74333480297327,168.85572143947985,4.24685,0
456.38558982440867,166.34336002866664,4.23612,0
453.49416168728317,166.15042595355652,4.23705,0
450.1408056319892,165.70022330999961,4.23745,0
448.0986322301088,163.1746464666179,4.23205,0
452.86878884745596,163.51067052898526,4.22496,0
461.63425687717137,167.03936767559233,4.2249,0
465.80611241119595,166.98315443291963,4.22756,0
485.2859185503168,170.42371178264875,4.23576,0
504.2413770562532,173.282653169362,4.23804,0
521.5183659314672,178.59523789052233,4.24937,0
530.8488719745287,180.69657640190766,4.2538,0
530.4617994020879,181.82974722277737,4.25964,0
535.4189701630039,182.4612435959709,4.25797,0
536.8995169398139,182.53082192001006,4.25306,0
536.4201263752569,182.82507054436869,4.26053,0
531.1216766383934,181.33124478098583,4.25394,0
520.1039968951615,180.66260863188558,4.258,0
509.20632830009856,180.57129019900208,4.26587,0
496.52333326466504,177.94935298490506,4.26058,0
490.49459653285226,177.24529088546905,4.25221,0
486.9818210484469,175.66109129041206,4.25379,0
471.47435206535033,171.7881281129697,4.25691,0
463.77134267403903,168.6785989695169,4.24793,0
450.2341996263416,167.42763492275597,4.25196,0
449.2674837021821,166.38233577188865,4.25106,0
446.93738881519135,164.2039466275352,4.24117,0
444.0837681910911,164.4446734868638,4.24259,0
441.5138636405033,163.98034192315586,4.24878,0
444.14253084218143,162.545398584832,4.23277,0
455.4546658188887,165.41861285781732,4.22731,0
459.79070710871275,167.79388265806944,4.23227,0
462.4052810261691,167.0979602511938,4.23329,0
468.4664918476868,168.26799730168887,4.23486,0
474.57724447128135,172.6777324557098,4.25179,0
473.84577271483056,170.6145701758355,4.25167,0
475.3243239815395,171.95560419914332,4.25218,0
471.75900978488465,170.07240848469533,4.24395,0
479.18520831234054,171.62875100244364,4.24255,0
486.45003079558137,173.92582672788393,4.23951,0
490.1724519773783,174.9410596386246,4.24266,0
490.98013257845076,177.02528625664425,4.25122,0
492.2777032063417,176.36864134502196,4.25192,0
489.9188251420164,176.8229359428984,4.25663,0
484.11194407709155,175.14353542708633,4.25078,0
480.69617560288043,174.5605191925274,4.25469,0
470.56385686403326,170.17875747062448,4.25231,0
458.64966433390197,167.24222405361346,4.25339,0
451.967910663566,167.0144594081926,4.24962,0
448.6725455895537,164.6744627384278,4.24189,0
442.67062164355957,162.4785953370614,4.23772,0
437.5118523798054,162.18386187346564,4.24416,0
438.1103153363717,161.36920726044656,4.23903,0
436.54894920185785,159.88890960524353,4.23625,0
443.3215554365306,162.61476104688379,4.23541,0
446.8265688747918,164.20110569536644,4.22746,0
456.3194152379914,166.08089861828657,4.22929,0
460.2842601856598,167.5728072998118,4.23438,0
470.13047820368905,170.7933567588934,4.2425,0
481.6282897021275,172.95683022824957,4.23796,0
485.7118507624924,174.447281291152,4.24293,0
488.70488781076074,175.63988758500082,4.2499,0
492.6692497773593,177.08944413435236,4.24911,0
491.382499229018,176.0032095032479,4.24823,0
494.60718374666476,177.00307740599607,4.25365,0
496.6012227216768,177.76451353500093,4.25339,0
494.2642424505626,179.77750073569098,4.26438,0
482.25642292199785,177.19078936129608,4.26753,0
482.6374152698216,176.53210943810123,4.25887,0
482.65172114645577,174.44130055225983,4.25049,0
460.09626238663844,169.9039303925766,4.26278,0
458.21790559029284,168.41867686644937,4.24647,0
452.4816335914645,170.1226971876465,4.25587,0
450.11062937971377,168.37704608526047,4.25068,0
449.61765266669977,166.42443123077499,4.23948,0
451.1942182922329,167.89004766114303,4.24534,0
448.6379942162583,165.59632943278848,4.23943,0
450.4304579440233,164.0190447854682,4.2287,0
458.0822102130008,169.16592767567636,4.24045,0
463.342475978322,169.44882997317546,4.23873,0
487.8481491667389,172.79780254270392,4.24451,0
513.1741764824939,178.45952020700418,4.25075,0
531.5768027872642,181.50235100259712,4.25614,0
539.0654876401647,183.5257544195676,4.26052,0
538.5353273337823,182.43735039047218,4.25809,0
542.4342214244543,185.5531710228797,4.26282,0
543.9607266966352,186.51254680494975,4.26246,0
538.8609101838429,183.63012709204426,4.25764,0
532.0485636490588,184.54129796599327,4.26874,0
515.2300569999126,180.80987138114665,4.26677,0
508.8059388002131,180.35095679711193,4.27303,0
497.558500717463,179.22636993419917,4.27412,0
493.18662813302325,175.71792127093633,4.25292,0
485.72989746233986,175.9181421463539,4.27033,0
472.66928908927457,171.3018451764013,4.26062,0
469.5885430369523,172.25456299742092,4.26296,0
463.3227592916187,172.56937912445738,4.25972,0
461.91250829445823,171.17377591828142,4.25334,0
461.8831934109519,170.55549927663193,4.2471,0
455.32649081931646,168.8818596746463,4.24994,0
456.54113146294793,165.959899320683,4.23269,0
453.3063782231901,165.19583355270822,4.23393,0
462.6983477553761,169.300158255818,4.23673,0
469.70963080115274,170.01494568609198,4.23591,0
492.2352640019413,174.74911281302434,4.24695,0
515.1872841360127,178.50895897281808,4.25077,0
537.7147861778992,178.55672522102373,4.22182,0
534.6076483784765,182.64967834418775,4.26262,0
537.1628269807198,181.92288750754068,4.25677,0
540.6823259062222,184.62786178861987,4.25934,0
538.6384492849118,182.10768531818104,4.25766,0
534.1656237244589,180.38473891119457,4.25127,0
530.9403571237088,181.54026919212328,4.25697,0
518.299940360716,181.4505567863548,4.26258,0
507.9167256885061,181.8606521897105,4.27464,0
496.1846587005605,180.67044967622212,4.27266,0
494.93762594797096,178.85017903817254,4.26219,0
486.3355324250566,177.54173408479684,4.27121,0
468.6342886122297,170.77292506984062,4.25185,0
459.2568732822665,168.78337727097477,4.25905,0
448.125892644992,166.23394829615594,4.25549,0
426.12064782288496,160.91944117478425,4.24143,0
429.2743134422546,164.46450443691788,4.24926,0
425.49397445439973,163.0896340789279,4.25076,0
424.6657133806766,162.40304023903326,4.24862,0
433.28530850084377,162.4366668161122,4.23555,0
437.0911135944616,163.95326668826527,4.23867,0
439.89124612007606,164.5827426279155,4.24034,0
462.2325954850202,169.5336917405552,4.24601,0
475.2196826840943,171.18818872407257,4.25255,0
499.00234629911296,174.07935952599362,4.25462,0
531.149831314735,179.8287058573478,4.25382,0
536.7710494548671,183.0074500891168,4.25782,0
542.896533055732,185.65071246851298,4.26331,0
550.2632714533937,188.34421919827744,4.26175,0
552.0754655172102,188.9971991166949,4.26743,0
548.4599664365442,188.21744251111477,4.2712,0
535.853221733307,186.91103502478194,4.27585,0
520.6586127998836,185.06870103099808,4.27422,0
495.4545741306452,179.0673923806929,4.27621,0
486.03059930086783,175.8395571657277,4.26387,0
480.6807185110922,173.64590956213206,4.25675,0
471.10009849622026,170.98557277399635,4.25986,0
470.74666677587663,172.33765787082564,4.26179,0
463.32549190213524,169.91685776768702,4.24906,0
464.17222238520935,170.46285593928008,4.24892,0
461.1629183334908,168.73830285426632,4.24646,0
457.7999696108626,167.98157381181213,4.24835,0
452.2550785816053,166.79675352400022,4.24653,0
452.4865107198941,164.89300058381863,4.23379,0
461.2578762118971,170.82794635975173,4.24884,0
465.5093936792417,170.54886168011996,4.2407,0
481.7982539959003,171.41474596866493,4.24677,0
506.935500261355,175.66837699133478,4.24894,0
525.6966501285372,180.4685561659826,4.25639,0
532.0772973098144,181.432123085972,4.26955,0
532.2836210135131,180.53347378462192,4.26659,0
537.7334968176276,181.56202731927874,4.2567,0
539.4442914875542,184.51193053699976,4.2742,0
536.6734922219715,182.9899038615888,4.26245,0
527.2240086514163,181.9029246206101,4.26437,0
511.35641891206507,179.91574665222768,4.27214,0
509.87633695857187,178.50728234643213,4.25898,0
499.0822080618443,179.0730724930857,4.26752,0
492.6797475853675,175.85615057545925,4.25872,0
486.65231848554726,175.33371606351562,4.26359,0
468.7088259908361,170.50682250072038,4.26136,0
465.9092034154694,169.11099306006915,4.25255,0
456.05367999590794,167.75297954489514,4.25286,0
453.8752919969391,167.82472879672193,4.25305,0
452.618580937516,167.09998692731622,4.25258,0
449.2079613030696,164.43413169393975,4.2423,0
449.6173435879922,163.38756317687526,4.23618,0
451.8414110969212,163.53475117828322,4.22973,0
455.07149844019085,171.69544770726853,4.24039,0
457.48061641599674,169.4779280603808,4.23329,0
478.8261327449716,174.00891326738085,4.23989,0
500.0467314192834,177.43821578761185,4.24988,0
528.5882892824374,179.77794472478067,4.25592,0
537.6742228575396,182.17111155048946,4.25875,0
593.2537663708988,205.17352911070915,4.25296,0
605.4259713921773,211.13103755686535,4.25846,0
608.9668545759992,215.12856813732097,4.27149,0
607.9730301259893,214.93659005256154,4.27425,0
595.4542503795409,212.76248889533844,4.27384,0
578.8526911737147,209.72371395945686,4.27313,0
564.4721111727946,206.8889957734056,4.27181,0
561.7434638301894,207.6552423129756,4.27089,0
553.2845508693449,203.7811839456903,4.25972,0
545.1010330824323,201.97027741097222,4.2632,0
522.5828025659519,193.85191281830427,4.25733,0
522.9313976821131,194.90854982332522,4.25721,0
519.1410976309318,196.60354939459089,4.25755,0
519.883266738774,194.93465815247112,4.24979,0
517.6856814304274,194.869815892339,4.25084,0
505.9297358931645,190.47083124476788,4.24805,0
503.1992576786591,186.98682358831184,4.23353,0
507.2811709330487,187.95568078883633,4.22945,0
520.7586286313981,193.83165105303522,4.23734,0
518.2342271028344,194.2512470877029,4.24244,0
517.9950777088983,192.32311765711478,4.23747,0
522.4190899691109,193.51674944780885,4.23917,0
524.7494662622449,194.8225376117691,4.24872,0
521.9859951166891,194.31535004481702,4.25374,0
519.6686094051917,192.96125509509503,4.24846,0
517.5337832938667,191.7379233473051,4.23709,0
513.3998640547911,187.97121862009098,4.22864,0
511.93477623665973,190.77729374462027,4.2462,0
514.8701102822379,192.04998834146357,4.24813,0
513.3215085761476,192.09759128398252,4.25257,0
513.5948441576785,192.1289725149488,4.25248,0
503.76910210843283,190.92713127490114,4.25449,0
486.31441563999226,184.09510908694153,4.25078,0
479.57719595048195,180.23219301854215,4.24438,0
462.1459423193811,175.54740810883885,4.23882,0
440.08522093367486,162.73316809046204,4.24556,0
427.6914950869663,157.6649579306558,4.24228,0
425.51587591126696,157.57486910185662,4.23982,0
425.2060790408284,156.92476371728185,4.23559,0
420.73128504151555,156.02786978073826,4.23915,0
421.4978509442795,155.2402621047579,4.2361,0
432.9202283286078,158.62222457432028,4.23689,0
437.65736153869216,159.55651386261385,4.23355,0
439.0529292382281,159.2124749142838,4.22369,0
450.3663539919308,162.26392583693675,4.22222,0
455.23335027404306,164.04031689578747,4.22847,0
465.4683553733107,166.96814434815207,4.23447,0
468.1552046128462,168.36243486866098,4.23429,0
472.37239622584264,171.10262452649735,4.24497,0
470.1114107876989,169.29670109957664,4.24395,0
472.97188016095686,169.49478222650242,4.24161,0
477.3355064829161,171.61394976719677,4.24044,0
476.1213209726027,170.86466463053097,4.24125,0
473.56274603356684,172.70176203544497,4.25386,0
471.174109626978,173.49458959352165,4.25986,0
464.59018200107255,172.07792172213817,4.25728,0
462.9995820528027,170.26186592402303,4.25227,0
460.0063857499709,169.2021989019319,4.25226,0
445.73451954809303,163.66189735008783,4.24589,0
440.6810684987817,163.02476200802153,4.24641,0
432.31770028510715,161.11245696468134,4.24194,0
432.61648448313684,160.86878105291854,4.24094,0
431.4578823162218,159.81748034305033,4.23818,0
437.63373410097614,159.37892044067857,4.22736,0
438.0998435758498,158.34635866610876,4.22164,0
438.5726098157179,158.4210111804304,4.22447,0
450.10968902297896,163.75422019489207,4.23427,0
450.8858138720326,163.30715308875708,4.22666,0
461.72795140894596,163.78634185028375,4.23405,0
463.21924899109473,161.75707052282502,4.23891,0
461.70320925823296,160.64986734089857,4.243,0
484.40102695769366,166.4312564013496,4.24543,0
506.75721252126056,176.63524517683882,4.24842,0
519.152727770568,186.0096936946526,4.25086,0
524.354954736208,186.3888206212731,4.24628,0
525.3729509414568,179.78142824848638,4.25067,0
526.9915758011771,181.61375911145134,4.25505,0
518.6733520650283,183.1591052244666,4.26254,0
504.3502712801561,181.26830929766237,4.26457,0
495.66551004142156,180.42439546629342,4.26473,0
484.35411457532416,176.45448908699876,4.26218,0
475.96077998086434,173.51638403622653,4.25991,0
463.65050493527815,168.55734393452462,4.25144,0
461.23016196284453,169.62065162216598,4.25369,0
453.64740189699467,167.37383090885686,4.24404,0
452.33792879562355,167.2969062143272,4.2475,0
450.8468424259944,165.92725392626315,4.23849,0
444.79181601961267,163.10164134972712,4.23745,0
443.6161445798245,163.1411285885085,4.2382,0
449.29766252345854,162.33541226718333,4.22586,0
454.45018313749,165.13778980688164,4.23234,0
455.73636896662356,164.49664806955056,4.2292,0
490.3910146046105,175.4824305851177,4.23292,0
510.40124068029115,183.86863139758094,4.23823,0
534.2192678589574,189.16553367947208,4.24449,0
557.3023330413089,194.67941985663012,4.2468,0
570.1530162022264,195.29228786489188,4.22755,0
556.3081582523366,195.4937084048826,4.26675,0
540.7315000467711,187.26468555808586,4.26573,0
515.2747164376593,174.39559274560182,4.26603,0
530.7900473880457,179.44117753402193,4.26725,0
555.5938318297059,200.54220272497375,4.2684,0
548.7447733442887,202.2158916883764,4.27561,0
541.6159910038416,200.94816533854336,4.2736,0
521.2372239491131,193.57742857529192,4.26125,0
501.04135254619894,188.92355494928518,4.26577,0
470.4750063679873,172.73873404376437,4.27293,0
473.16504037443855,173.86382595714358,4.26019,0
465.2399357302096,173.0459667306651,4.26195,0
463.3768997936863,171.65108400937075,4.25388,0
461.3129645965986,169.72866231458198,4.2523,0
457.89361657371586,169.27529253273454,4.25313,0
454.32893969652343,167.58065835362018,4.25052,0
459.1383155575687,165.77825456602693,4.2363,0
467.1727369730678,170.73786883434138,4.24614,0
469.12948808249723,170.78374457908498,4.24662,0
486.74188802760784,173.14615814484495,4.25042,0
509.9742745578773,178.02107374737065,4.2559,0
538.0662757799297,184.31354521390085,4.2588,0
543.8415707168062,185.44854607485348,4.26085,0
543.5142512466361,186.07250194697883,4.26594,0
548.6892685445084,188.66110915631822,4.27087,0
569.5746242139966,197.9649702863731,4.2711,0
553.327348739021,192.75510041875896,4.27946,0
524.2719014041337,181.77427072634444,4.28206,0
499.17264979731607,176.8182563830048,4.27875,0
496.38642633627217,176.6140216661877,4.26967,0
493.63769182682324,180.0454915205773,4.2737,0
490.73392820261364,178.24925954076804,4.26599,0
488.3950989022509,176.07828635087478,4.25722,0
479.11436874091413,168.25049916715068,4.21957,0
474.6781252494283,174.48648438686624,4.26198,0
455.19277487363365,169.99799852892826,4.2665,0
449.87514313242826,167.50939672918997,4.26268,0
450.25232634633784,167.59973441420166,4.25988,0
443.7729926848586,165.06075711544656,4.26002,0
444.15661963521364,164.4293547096141,4.25349,0
448.115257844454,164.6371321755774,4.24131,0
452.5441341256243,168.7666459626694,4.26208,0
454.2070772990347,167.0464047277544,4.25046,0
472.5499352872082,171.85038912977572,4.25899,0
504.16977001897925,177.90625071371036,4.26157,0
522.8321620481112,181.30201585503013,4.26517,0
543.5930520533454,188.2028340921807,4.26165,0
588.5291404593501,208.01820816981055,4.26054,0
603.3024918818088,211.1572935827697,4.26496,0
597.1287951306535,210.44777596784905,4.26929,0
584.6019607980218,203.68959343105445,4.27586,0
571.3755524134305,201.81280203507225,4.28242,0
550.9992102167047,199.26860255837508,4.28911,0
534.4718372455702,194.73626739861453,4.28266,0
517.2823944558338,191.46361959139657,4.27844,0
511.3737373593414,191.01086468612021,4.2779,0
516.4277759365248,193.08120883518046,4.27272,0
534.3064849540615,198.0187176406194,4.25913,0
530.5901181916746,200.12041900402065,4.26197,0
517.8420120366837,196.10909819230477,4.26063,0
512.7992236760737,195.228412948055,4.25946,0
507.39738569364437,193.57642354443658,4.25588,0
506.11955642910885,192.0672404237694,4.25323,0
511.25430392219846,188.82226246401225,4.22191,0
521.6173604420707,188.0810713108764,4.19352,0
524.5293050753274,197.47027137823582,4.25197,0
523.8224865877163,196.36033824085192,4.24572,0
541.3683480287137,199.78473137019645,4.2494,0
562.4506766390905,202.436657580166,4.25056,0
565.1463823667259,202.8688579422738,4.26268,0
577.0148686855664,204.871859833845,4.25692,0
582.1386527112687,206.31670543974104,4.25721,0
574.4079561186105,205.5437319006359,4.26568,0
586.4987170672412,208.67242295876113,4.26157,0
581.129443782189,207.75632859049944,4.27515,0
576.4375158819946,205.98015496594616,4.26649,0
565.8912654831441,207.24788914217132,4.27196,0
559.1886244884397,203.75273164236796,4.26115,0
549.562496410854,204.07517104897926,4.27161,0
550.388989946876,202.64732873950663,4.25937,0
531.4387400115853,199.68271542599447,4.27311,0
517.7693791947246,195.7132814714154,4.26848,0
497.30143943900265,188.50013240286057,4.26528,0
471.72035354713285,175.64795578192195,4.26705,0
470.9682838276059,173.93423822950922,4.25814,0
468.35993673998814,174.91418350984102,4.2643,0
466.5008830367442,172.8790216941833,4.26114,0
459.8783474618169,170.13006923171585,4.25381,0
450.44741994101054,177.913737436115,4.25234,0
456.3628955485214,174.82987328133984,4.24856,0
455.87477056626403,173.70064270795353,4.24542,0
474.38033615072993,174.551632185209,4.24592,0
473.6470297461961,174.4102630483827,4.2547,0
479.23478021680626,176.115789955215,4.25524,0
485.6634122955288,179.23066801600427,4.26168,0
489.4969415073445,178.536903342013,4.26133,0
543.791247963003,200.53839218174622,4.25226,0
548.3329306862332,203.33287950070064,4.26455,0
523.2894194732578,195.48226407360053,4.25857,0
542.7508702492822,201.05717415612602,4.25643,0
558.4271147290901,204.78156952309865,4.25611,0
555.2494186336457,205.71433720331294,4.26372,0
531.619778665579,200.9406044470871,4.27104,0
510.69162677860606,195.2876836547069,4.26762,0
500.9580305333497,193.13618988979638,4.2663,0
488.5464505009035,189.52947577347499,4.26283,0
486.11798564866615,189.3541049301104,4.25954,0
480.69211351894455,187.13579977302592,4.25056,0
482.23743637681497,188.41361840566987,4.25114,0
479.3482063743464,188.05534806193907,4.25697,0
475.57575170524206,185.3820090785347,4.24967,0
468.8816052200734,184.71784513480875,4.25386,0
471.8439346140363,183.75466364679036,4.24961,0
476.5499625964583,185.80413405065616,4.24954,0
482.16056566692225,186.3198040460368,4.24288,0
477.13659387732696,179.13372046642348,4.24004,0
461.23393390536165,171.21467922810976,4.24585,0
465.8681335447052,171.71512221284627,4.2469,0
469.84765512186925,173.2332754769736,4.25392,0
471.29128232359614,175.16079962931312,4.26708,0
472.80586806307963,174.2722838724441,4.26145,0
474.28198189666193,175.67848239660566,4.26771,0
467.78382451456173,172.4048037948181,4.26128,0
464.4165771326338,172.03702779753087,4.25764,0
461.09750391670605,170.55253009786537,4.25156,0
469.97732217257027,173.64151428877847,4.25444,0
480.19969831416296,177.2111474032796,4.25773,0
482.1143960905931,176.7011931431215,4.25769,0
484.60515977291465,172.32009947324167,4.22278,0
477.15670897128683,170.6430912392607,4.22843,0
468.882905241049,172.22386395826055,4.24747,0
461.4609394281088,171.4766166657346,4.24637,0
465.7279448484502,172.72579559301195,4.24902,0
460.24851015643554,169.9159893676328,4.23819,0
460.7296496044379,170.35076686464282,4.24286,0
461.31739524326764,168.66821001886163,4.2359,0
460.610306365792,169.31863658384222,4.23295,0
469.3337380271413,171.64763767226955,4.24143,0
470.9120120944525,172.57532358119528,4.23995,0
489.70006688063415,174.46749467480316,4.24333,0
508.02364671503676,177.6223149785957,4.25036,0
517.4306280017312,179.62442620571963,4.25558,0
519.8813846504471,178.70426558404782,4.25559,0
522.658395470217,180.71278307994243,4.26494,0
519.9932875701671,180.63999407099595,4.26956,0
515.4151672299599,179.07854061922797,4.26468,0
518.0410144430161,178.5358188259451,4.25264,0
522.8517914131485,180.28749279986522,4.25126,0
514.8121013934125,180.63282919474753,4.26008,0
505.086501216557,182.0693172635547,4.27215,0
492.7833765737753,178.2587359108909,4.26579,0
490.04698439355775,177.66219533367308,4.26286,0
483.638200059072,174.7185861424624,4.25974,0
475.2829446726091,172.43093263197758,4.25442,0
468.26933128438264,172.76458696005128,4.25877,0
461.8274372212616,171.53819564645545,4.24935,0
463.76708597304435,171.59948713230736,4.24967,0
465.21342776229125,171.7360667700859,4.24793,0
461.86283978751345,170.88745885059464,4.25326,0
461.456304186076,170.4298015486954,4.24831,0
463.1117957923073,169.31386553387827,4.23615,0
467.0009631732591,175.65368667992223,4.24419,0
466.06196126583944,174.65246406804332,4.24277,0
484.6915081264218,178.52213162276217,4.24831,0
511.8242144345643,179.259422018596,4.25327,0
531.851925586562,183.17554256468335,4.25439,0
565.4124449220205,197.7194864531645,4.26125,0
596.7810679008707,211.47974307506743,4.2649,0
597.6754076653683,210.20509518333688,4.25849,0
608.9090163974386,215.68189119836651,4.26192,0
609.3125605199809,216.94804143293084,4.26022,0
604.5193807838351,216.2765176937352,4.26593,0
589.1462733459357,214.48617491017023,4.27356,0
545.1728086229068,202.486959042333,4.26743,0
514.8947410829255,192.53853188685912,4.2591,0
493.94332040571794,181.1458880862997,4.26615,0
491.6525901936473,181.07955786581056,4.26782,0
482.18326664842994,176.41715226487787,4.25385,0
478.8336211887332,177.10847710735013,4.25584,0
468.49769597626573,174.75099327022585,4.25551,0
466.7253140381205,172.99860338169728,4.24953,0
464.08656240586333,172.84222452372197,4.2499,0
459.1422739071796,170.15965618308144,4.24824,0
446.91949768027655,175.24818171441692,4.23952,0
451.13444100622587,172.05945589243308,4.23803,0
463.0801731765675,171.2744970267326,4.24817,0
467.4943915040972,172.12300307690964,4.24384,0
478.0257323695997,173.4063183061903,4.25654,0
498.1485891337861,176.20200223895964,4.24997,0
510.43832488006086,179.08367836750924,4.25709,0
521.3465114824199,180.57441195836947,4.25208,0
525.9005658530209,182.2113773052397,4.25911,0
526.2120893816656,180.6548473459322,4.26332,0
527.9970320288287,181.8635966012661,4.26049,0
532.4569786472954,183.2919877512205,4.25684,0
520.5639378888296,182.12591409701892,4.26161,0
504.0170374032356,179.0148722963135,4.26205,0
488.85905380558506,175.25775628287647,4.257,0
480.38092837905845,176.52222811497106,4.26599,0
472.42834095957517,171.5203424063263,4.25257,0
467.3823127073511,172.35486639293907,4.26104,0
454.55957091237207,167.50435842675907,4.25773,0
453.637672060589,167.74362417525586,4.25258,0
443.988693883987,166.29021428572185,4.25197,0
447.1317197733319,165.81446240163314,4.24575,0
443.3988777896964,164.9679418063943,4.24358,0
439.00872120900357,164.12486687712916,4.24503,0
439.9050006095839,161.43165284008575,4.23784,0
441.44316823773363,161.65482218984985,4.23414,0
449.6525467568739,164.28698311204505,4.23969,0
454.5795672527347,165.75296610412866,4.24382,0
465.2055539869519,166.32574835152016,4.24911,0
486.4157588797611,169.99938471190458,4.25171,0
502.8284283036458,175.69256105676556,4.25947,0
509.5281980742235,174.78448528469247,4.25625,0
516.0319950312942,176.2997747957225,4.2564,0
521.9052742854169,179.22416330970492,4.25978,0
523.381977273103,179.21535115803349,4.25565,0
524.1511554721948,180.0058271783529,4.26034,0
518.6375365325905,179.59905070853208,4.26694,0
505.7051702903477,178.4564963866835,4.26959,0
495.76909758549306,177.52547959170778,4.27393,0
478.56460629441915,173.00197463401287,4.26977,0
470.410323285416,168.18237656636458,4.25347,0
459.1420333910686,165.81801187601673,4.25829,0
445.1618327794524,161.579738449593,4.25847,0
440.8510612643823,160.75493864285437,4.25238,0
433.2173956846837,159.71527765739947,4.24817,0
431.408964644107,157.81401917668674,4.24078,0
427.97721593603023,157.54024674236297,4.24305,0
424.9885506698454,155.1784498200193,4.23333,0
424.8072553035436,155.18222042962893,4.23473,0
427.0347899550703,155.2526371081307,4.2322,0
431.2362563652308,156.95704807399025,4.23215,0
434.74482118537463,157.22032455282817,4.23727,0
452.3370511763624,160.88306731621228,4.2417,0
475.2357095767812,164.57392250309067,4.24535,0
507.95072890700226,174.36875614296602,4.25519,0
525.6234924376438,178.70305939925672,4.25511,0
527.2536949305897,179.67674854037352,4.26077,0
534.6395716983884,181.48263492181218,4.25818,0
533.7042921975466,182.76319484490267,4.26841,0
528.6241340422062,181.79302794146886,4.27594,0
516.7588513553574,177.67355471732893,4.25933,0
509.6882157280056,178.38789971296256,4.26835,0
496.0605388563166,175.93016042049405,4.27053,0
483.6481820220392,175.17899658000218,4.2712,0
477.81728417243863,169.52770554123305,4.25296,0
466.95948036094137,168.0703570711968,4.26228,0
451.2465192186192,163.271412896074,4.26003,0
447.2293760843663,163.42449197163953,4.26086,0
437.25311760497675,161.3151166683654,4.25541,0
438.33075925700973,161.95625312155553,4.25436,0
432.7032448752217,160.1230972547494,4.25134,0
437.7090225977661,161.52392472172127,4.24974,0
454.0154191247431,164.8731325049166,4.24341,0
461.02472388908745,167.6756656852467,4.24233,0
455.62475761637967,162.67364470932364,4.23371,0
454.3586471771825,162.65644454284796,4.22881,0
469.44838262997604,166.22029988873092,4.23124,0
466.23180548301843,166.56230617112882,4.2415,0
485.09753352943466,172.34117954702256,4.2487,0
483.2551656781055,171.77677949719148,4.25232,0
489.9159418954646,175.89205505843552,4.2632,0
491.5268737666932,174.63718391608734,4.26142,0
534.7728151697557,190.66013136315183,4.24866,0
529.0784565131313,189.99961171982056,4.24658,0
523.8971106866659,189.58766502640214,4.25101,0
521.4391503949332,191.20767588256004,4.26219,0
521.7478777694425,192.61589740227265,4.2706,0
508.04721908925086,189.87119476023418,4.27101,0
486.7172309857711,181.30435842125686,4.25804,0
476.5008907956827,178.37951983319397,4.25792,0
463.6670841809265,175.444856143341,4.26444,0
470.49615325653343,176.27903731245132,4.2561,0
460.46067679558774,175.9318237299588,4.25905,0
461.1579066930162,175.92517079575447,4.25646,0
438.289265997994,161.55745417633833,4.25628,0
429.99111353297377,157.07615150516406,4.2547,0
433.1630110421965,158.60486194898925,4.25509,0
433.2608548592581,157.59002064732687,4.25126,0
436.21550106091706,159.842684772163,4.24892,0
438.29539983005304,158.94304990408966,4.24605,0
448.58420034337837,160.24271252787682,4.23658,0
456.4834378489517,163.74957158601111,4.24213,0
456.5690138785403,162.36835013935837,4.24127,0
462.66478890049024,165.54584021250668,4.24543,0
467.44820926963956,167.81636967711833,4.26233,0
460.11196213713407,164.53836302612382,4.25462,0
445.9996304410234,161.44872043615138,4.25425,0
445.10215016147157,159.47843748179503,4.24863,0
438.9724363962874,160.10383708177457,4.2583,0
443.4769581460715,160.30290450739662,4.25212,0
437.4231154354807,160.40392426221405,4.26048,0
428.8618061921564,157.59465406732969,4.25725,0
424.4319797305047,152.10174013154642,4.24089,0
419.9624811555538,153.34511179255472,4.25556,0
416.70788518225777,151.9051462292515,4.2521,0
427.6396641814336,151.81523824303898,4.24221,0
418.75404243724313,152.00200685013203,4.24227,0
417.8187933890284,149.73481162353812,4.2306,0
416.28404991423406,149.3812753058544,4.22816,0
414.10372755271726,149.22376394845733,4.22854,0
413.9938132038539,147.03133752004203,4.22063,0
414.7968543707604,147.90954413127713,4.22182,0
421.1744469011849,150.06775669170565,4.22025,0
424.6024463352023,150.94291809211077,4.23039,0
442.5145581942417,153.6535206565573,4.2342,0
464.35254582378434,156.40650044985424,4.23506,0
478.20909610906455,155.7487171297133,4.23975,0
491.7590795846544,160.16011717981962,4.23954,0
494.29802569766093,162.88787498274561,4.24736,0
496.266969271186,162.65239553843548,4.24308,0
502.4440354290071,162.49212786413594,4.24153,0
496.5368476209192,162.73120316546579,4.24747,0
500.6640245295275,166.43138209453372,4.25255,0
488.7905714416155,164.4119784893395,4.25478,0
475.8640288332977,162.66166933713185,4.25787,0
460.6119303602812,159.26453393890156,4.25149,0
449.6687771599015,154.51056767586766,4.23636,0
441.45559522561035,155.42480411119092,4.2522,0
431.5663685260262,153.2666116062403,4.2469,0
428.025094162925,151.62895069154573,4.24412,0
421.37943769228207,150.8495574376543,4.2372,0
423.87572450888763,152.0235775827737,4.23562,0
420.6733049774724,150.56417938982196,4.2359,0
414.75749098097646,149.6865760152368,4.238,0
415.9499907890032,149.3144366986265,4.23147,0
412.7851411751495,147.06348025601707,4.22389,0
418.3041484780759,147.3563346654355,4.21951,0
423.37011982246537,143.26141122267126,4.18745,0
445.58114707710916,144.79833456724418,4.1712,0
477.93518336833455,155.12287368301446,4.2116,0
505.4770578083644,157.20653583868412,4.18604,0
502.9217292603357,156.60383723840718,4.17697,0
506.0808519954615,157.71955803751095,4.17642,0
509.6380818405747,154.9776541920149,4.15703,0
513.9519466393353,155.32118601993056,4.15632,0
506.93143103119263,166.36702293924478,4.25216,0
504.2168019484768,166.9743323323992,4.25415,0
492.0881285194104,165.2697303509152,4.25445,0
480.4012765309116,165.35912918091523,4.26196,0
461.27716559716856,160.93047080849018,4.25855,0
449.79705451531805,157.7633417285016,4.2528,0
442.84030755719556,156.89116521859484,4.25585,0
428.76144948242955,152.76742563035484,4.25321,0
427.4920445823374,152.0365500391693,4.24855,0
419.27142410291873,153.03645485540505,4.24838,0
419.7572785467896,150.42593431982684,4.24123,0
417.4430970812233,149.7071249982324,4.2356,0
414.4993321723427,150.06541644456894,4.23947,0
412.61881991061534,148.55699466726983,4.23894,0
414.9586325952916,148.49411846482613,4.23165,0
418.6003854798882,150.8479687536065,4.23309,0
422.7640392903343,149.9071549590635,4.22829,0
448.1305381921084,147.85173864602103,4.18595,0
478.5054328026577,156.46199817956176,4.2145,0
504.86404122375404,164.33623413057632,4.23538,0
520.9076456736245,170.13867520279362,4.24998,0
530.0099502966934,174.42922120876594,4.25311,0
533.2896439675578,175.95035661502774,4.25485,0
533.8910275841566,175.39002283235294,4.25632,0
529.4693841841553,174.32835716443637,4.25247,0
533.8597079770053,176.77480067788656,4.2526,0
528.1990964023904,178.2027414483242,4.26277,0
510.21423698963025,176.76174226650235,4.27225,0
490.5094846266749,175.04095271471135,4.27292,0
480.3268543449691,170.11626859024048,4.26467,0
474.5941621496784,169.01108056410027,4.26848,0
461.6436141649028,164.01792806204566,4.2616,0
459.0457408534865,163.4409951030454,4.25725,0
450.731680901186,162.82189948834102,4.25953,0
452.4576346314441,162.41790523128498,4.2538,0
450.1904012216295,161.31340492627476,4.25037,0
448.21790215349375,160.65198259007295,4.24347,0
451.60514415746104,161.69927498761032,4.23992,0
460.57567110475685,164.20617518961598,4.23769,0
475.0483517032787,169.46433384048115,4.2442,0
479.7770688858378,170.36509707188858,4.24945,0
498.71780998231867,173.68038182661832,4.25397,0
530.0169237425835,180.78799891156618,4.25751,0
