Year,Station,Month,Rainfall,StationIndex,Time
1977,Teknaf,1,0,33,1977-01-01
1977,Teknaf,2,0,33,1977-02-01
1977,Teknaf,3,0,33,1977-03-01
1977,Teknaf,4,272,33,1977-04-01
1977,Teknaf,5,356,33,1977-05-01
1977,Teknaf,6,779,33,1977-06-01
1977,Teknaf,7,1083,33,1977-07-01
1977,Teknaf,8,1008,33,1977-08-01
1977,Teknaf,9,401,33,1977-09-01
1977,Teknaf,10,75,33,1977-10-01
1977,Teknaf,11,15,33,1977-11-01
1977,Teknaf,12,0,33,1977-12-01
1978,Teknaf,1,0,33,1978-01-01
1978,Teknaf,2,0,33,1978-02-01
1978,Teknaf,3,0,33,1978-03-01
1978,Teknaf,4,28,33,1978-04-01
1978,Teknaf,5,420,33,1978-05-01
1978,Teknaf,6,720,33,1978-06-01
1978,Teknaf,7,564,33,1978-07-01
1978,Teknaf,8,842,33,1978-08-01
1978,Teknaf,9,715,33,1978-09-01
1978,Teknaf,10,153,33,1978-10-01
1978,Teknaf,11,0,33,1978-11-01
1978,Teknaf,12,0,33,1978-12-01
1979,Teknaf,1,0,33,1979-01-01
1979,Teknaf,2,6,33,1979-02-01
1979,Teknaf,3,0,33,1979-03-01
1979,Teknaf,4,7,33,1979-04-01
1979,Teknaf,5,28,33,1979-05-01
1979,Teknaf,6,199,33,1979-06-01
1979,Teknaf,7,472,33,1979-07-01
1979,Teknaf,8,459,33,1979-08-01
1979,Teknaf,9,137,33,1979-09-01
1979,Teknaf,10,50,33,1979-10-01
1979,Teknaf,11,0,33,1979-11-01
1979,Teknaf,12,11,33,1979-12-01
1980,Teknaf,1,0,33,1980-01-01
1980,Teknaf,2,0,33,1980-02-01
1980,Teknaf,3,5,33,1980-03-01
1980,Teknaf,4,0,33,1980-04-01
1980,Teknaf,5,99,33,1980-05-01
1980,Teknaf,6,351,33,1980-06-01
1980,Teknaf,7,296,33,1980-07-01
1980,Teknaf,8,358,33,1980-08-01
1980,Teknaf,9,75,33,1980-09-01
1980,Teknaf,10,137,33,1980-10-01
1980,Teknaf,11,0,33,1980-11-01
1980,Teknaf,12,0,33,1980-12-01
1981,Teknaf,1,15,33,1981-01-01
1981,Teknaf,2,2,33,1981-02-01
1981,Teknaf,3,23,33,1981-03-01
1981,Teknaf,4,193,33,1981-04-01
1981,Teknaf,5,259,33,1981-05-01
1981,Teknaf,6,1127,33,1981-06-01
1981,Teknaf,7,1204,33,1981-07-01
1981,Teknaf,8,845,33,1981-08-01
1981,Teknaf,9,473,33,1981-09-01
1981,Teknaf,10,115,33,1981-10-01
1981,Teknaf,11,81,33,1981-11-01
1981,Teknaf,12,29,33,1981-12-01
1982,Teknaf,1,0,33,1982-01-01
1982,Teknaf,2,7,33,1982-02-01
1982,Teknaf,3,4,33,1982-03-01
1982,Teknaf,4,58,33,1982-04-01
1982,Teknaf,5,23,33,1982-05-01
1982,Teknaf,6,1353,33,1982-06-01
1982,Teknaf,7,1216,33,1982-07-01
1982,Teknaf,8,932,33,1982-08-01
1982,Teknaf,9,475,33,1982-09-01
1982,Teknaf,10,14,33,1982-10-01
1982,Teknaf,11,48,33,1982-11-01
1982,Teknaf,12,0,33,1982-12-01
1983,Teknaf,1,10,33,1983-01-01
1983,Teknaf,2,8,33,1983-02-01
1983,Teknaf,3,46,33,1983-03-01
1983,Teknaf,4,25,33,1983-04-01
1983,Teknaf,5,169,33,1983-05-01
1983,Teknaf,6,730,33,1983-06-01
1983,Teknaf,7,0,33,1983-07-01
1983,Teknaf,8,817,33,1983-08-01
1983,Teknaf,9,532,33,1983-09-01
1983,Teknaf,10,290,33,1983-10-01
1983,Teknaf,11,208,33,1983-11-01
1983,Teknaf,12,30,33,1983-12-01
1984,Teknaf,1,8,33,1984-01-01
1984,Teknaf,2,0,33,1984-02-01
1984,Teknaf,3,0,33,1984-03-01
1984,Teknaf,4,90,33,1984-04-01
1984,Teknaf,5,198,33,1984-05-01
1984,Teknaf,6,1517,33,1984-06-01
1984,Teknaf,7,971,33,1984-07-01
1984,Teknaf,8,973,33,1984-08-01
1984,Teknaf,9,240,33,1984-09-01
1984,Teknaf,10,109,33,1984-10-01
1984,Teknaf,11,0,33,1984-11-01
1984,Teknaf,12,0,33,1984-12-01
1985,Teknaf,1,8,33,1985-01-01
1985,Teknaf,2,4,33,1985-02-01
1985,Teknaf,3,11,33,1985-03-01
1985,Teknaf,4,25,33,1985-04-01
1985,Teknaf,5,325,33,1985-05-01
1985,Teknaf,6,803,33,1985-06-01
1985,Teknaf,7,983,33,1985-07-01
1985,Teknaf,8,1093,33,1985-08-01
1985,Teknaf,9,351,33,1985-09-01
1985,Teknaf,10,137,33,1985-10-01
1985,Teknaf,11,268,33,1985-11-01
1985,Teknaf,12,0,33,1985-12-01
1986,Teknaf,1,0,33,1986-01-01
1986,Teknaf,2,0,33,1986-02-01
1986,Teknaf,3,0,33,1986-03-01
1986,Teknaf,4,49,33,1986-04-01
1986,Teknaf,5,70,33,1986-05-01
1986,Teknaf,6,1283,33,1986-06-01
1986,Teknaf,7,896,33,1986-07-01
1986,Teknaf,8,670,33,1986-08-01
1986,Teknaf,9,284,33,1986-09-01
1986,Teknaf,10,268,33,1986-10-01
1986,Teknaf,11,169,33,1986-11-01
1986,Teknaf,12,0,33,1986-12-01
1987,Teknaf,1,0,33,1987-01-01
1987,Teknaf,2,27,33,1987-02-01
1987,Teknaf,3,14,33,1987-03-01
1987,Teknaf,4,78,33,1987-04-01
1987,Teknaf,5,17,33,1987-05-01
1987,Teknaf,6,504,33,1987-06-01
1987,Teknaf,7,1294,33,1987-07-01
1987,Teknaf,8,986,33,1987-08-01
1987,Teknaf,9,684,33,1987-09-01
1987,Teknaf,10,48,33,1987-10-01
1987,Teknaf,11,177,33,1987-11-01
1987,Teknaf,12,0,33,1987-12-01
1988,Teknaf,1,0,33,1988-01-01
1988,Teknaf,2,43,33,1988-02-01
1988,Teknaf,3,0,33,1988-03-01
1988,Teknaf,4,116,33,1988-04-01
1988,Teknaf,5,223,33,1988-05-01
1988,Teknaf,6,1042,33,1988-06-01
1988,Teknaf,7,1032,33,1988-07-01
1988,Teknaf,8,927,33,1988-08-01
1988,Teknaf,9,325,33,1988-09-01
1988,Teknaf,10,220,33,1988-10-01
1988,Teknaf,11,15,33,1988-11-01
1988,Teknaf,12,73,33,1988-12-01
1989,Teknaf,1,0,33,1989-01-01
1989,Teknaf,2,0,33,1989-02-01
1989,Teknaf,3,0,33,1989-03-01
1989,Teknaf,4,132,33,1989-04-01
1989,Teknaf,5,35,33,1989-05-01
1989,Teknaf,6,927,33,1989-06-01
1989,Teknaf,7,962,33,1989-07-01
1989,Teknaf,8,829,33,1989-08-01
1989,Teknaf,9,673,33,1989-09-01
1989,Teknaf,10,437,33,1989-10-01
1989,Teknaf,11,59,33,1989-11-01
1989,Teknaf,12,0,33,1989-12-01
1990,Teknaf,1,0,33,1990-01-01
1990,Teknaf,2,4,33,1990-02-01
1990,Teknaf,3,1,33,1990-03-01
1990,Teknaf,4,72,33,1990-04-01
1990,Teknaf,5,203,33,1990-05-01
1990,Teknaf,6,1279,33,1990-06-01
1990,Teknaf,7,946,33,1990-07-01
1990,Teknaf,8,575,33,1990-08-01
1990,Teknaf,9,293,33,1990-09-01
1990,Teknaf,10,107,33,1990-10-01
1990,Teknaf,11,101,33,1990-11-01
1990,Teknaf,12,15,33,1990-12-01
1991,Teknaf,1,0,33,1991-01-01
1991,Teknaf,2,0,33,1991-02-01
1991,Teknaf,3,0,33,1991-03-01
1991,Teknaf,4,94,33,1991-04-01
1991,Teknaf,5,28,33,1991-05-01
1991,Teknaf,6,1252,33,1991-06-01
1991,Teknaf,7,1391,33,1991-07-01
1991,Teknaf,8,1422,33,1991-08-01
1991,Teknaf,9,434,33,1991-09-01
1991,Teknaf,10,408,33,1991-10-01
1991,Teknaf,11,104,33,1991-11-01
1991,Teknaf,12,0,33,1991-12-01
1992,Teknaf,1,0,33,1992-01-01
1992,Teknaf,2,71,33,1992-02-01
1992,Teknaf,3,0,33,1992-03-01
1992,Teknaf,4,0,33,1992-04-01
1992,Teknaf,5,242,33,1992-05-01
1992,Teknaf,6,807,33,1992-06-01
1992,Teknaf,7,1018,33,1992-07-01
1992,Teknaf,8,704,33,1992-08-01
1992,Teknaf,9,320,33,1992-09-01
1992,Teknaf,10,406,33,1992-10-01
1992,Teknaf,11,58,33,1992-11-01
1992,Teknaf,12,5,33,1992-12-01
1993,Teknaf,1,1,33,1993-01-01
1993,Teknaf,2,85,33,1993-02-01
1993,Teknaf,3,94,33,1993-03-01
1993,Teknaf,4,49,33,1993-04-01
1993,Teknaf,5,526,33,1993-05-01
1993,Teknaf,6,1333,33,1993-06-01
1993,Teknaf,7,702,33,1993-07-01
1993,Teknaf,8,1337,33,1993-08-01
1993,Teknaf,9,350,33,1993-09-01
1993,Teknaf,10,127,33,1993-10-01
1993,Teknaf,11,2,33,1993-11-01
1993,Teknaf,12,0,33,1993-12-01
1994,Teknaf,1,0,33,1994-01-01
1994,Teknaf,2,0,33,1994-02-01
1994,Teknaf,3,121,33,1994-03-01
1994,Teknaf,4,125,33,1994-04-01
1994,Teknaf,5,364,33,1994-05-01
1994,Teknaf,6,1419,33,1994-06-01
1994,Teknaf,7,1475,33,1994-07-01
1994,Teknaf,8,1017,33,1994-08-01
1994,Teknaf,9,350,33,1994-09-01
1994,Teknaf,10,120,33,1994-10-01
1994,Teknaf,11,70,33,1994-11-01
1994,Teknaf,12,1,33,1994-12-01
1995,Teknaf,1,0,33,1995-01-01
1995,Teknaf,2,3,33,1995-02-01
1995,Teknaf,3,1,33,1995-03-01
1995,Teknaf,4,63,33,1995-04-01
1995,Teknaf,5,278,33,1995-05-01
1995,Teknaf,6,1123,33,1995-06-01
1995,Teknaf,7,1220,33,1995-07-01
1995,Teknaf,8,622,33,1995-08-01
1995,Teknaf,9,563,33,1995-09-01
1995,Teknaf,10,47,33,1995-10-01
1995,Teknaf,11,365,33,1995-11-01
1995,Teknaf,12,0,33,1995-12-01
1996,Teknaf,1,0,33,1996-01-01
1996,Teknaf,2,88,33,1996-02-01
1996,Teknaf,3,0,33,1996-03-01
1996,Teknaf,4,83,33,1996-04-01
1996,Teknaf,5,261,33,1996-05-01
1996,Teknaf,6,649,33,1996-06-01
1996,Teknaf,7,1212,33,1996-07-01
1996,Teknaf,8,866,33,1996-08-01
1996,Teknaf,9,458,33,1996-09-01
1996,Teknaf,10,687,33,1996-10-01
1996,Teknaf,11,18,33,1996-11-01
1996,Teknaf,12,0,33,1996-12-01
1997,Teknaf,1,0,33,1997-01-01
1997,Teknaf,2,48,33,1997-02-01
1997,Teknaf,3,33,33,1997-03-01
1997,Teknaf,4,49,33,1997-04-01
1997,Teknaf,5,243,33,1997-05-01
1997,Teknaf,6,585,33,1997-06-01
1997,Teknaf,7,1353,33,1997-07-01
1997,Teknaf,8,742,33,1997-08-01
1997,Teknaf,9,666,33,1997-09-01
1997,Teknaf,10,23,33,1997-10-01
1997,Teknaf,11,49,33,1997-11-01
1997,Teknaf,12,16,33,1997-12-01
1998,Teknaf,1,2,33,1998-01-01
1998,Teknaf,2,0,33,1998-02-01
1998,Teknaf,3,13,33,1998-03-01
1998,Teknaf,4,88,33,1998-04-01
1998,Teknaf,5,429,33,1998-05-01
1998,Teknaf,6,424,33,1998-06-01
1998,Teknaf,7,1275,33,1998-07-01
1998,Teknaf,8,1474,33,1998-08-01
1998,Teknaf,9,320,33,1998-09-01
1998,Teknaf,10,159,33,1998-10-01
1998,Teknaf,11,79,33,1998-11-01
1998,Teknaf,12,0,33,1998-12-01
1999,Teknaf,1,0,33,1999-01-01
1999,Teknaf,2,0,33,1999-02-01
1999,Teknaf,3,0,33,1999-03-01
1999,Teknaf,4,0,33,1999-04-01
1999,Teknaf,5,629,33,1999-05-01
1999,Teknaf,6,982,33,1999-06-01
1999,Teknaf,7,771,33,1999-07-01
1999,Teknaf,8,1395,33,1999-08-01
1999,Teknaf,9,513,33,1999-09-01
1999,Teknaf,10,392,33,1999-10-01
1999,Teknaf,11,2,33,1999-11-01
1999,Teknaf,12,36,33,1999-12-01
2000,Teknaf,1,2,33,2000-01-01
2000,Teknaf,2,0,33,2000-02-01
2000,Teknaf,3,0,33,2000-03-01
2000,Teknaf,4,27,33,2000-04-01
2000,Teknaf,5,600,33,2000-05-01
2000,Teknaf,6,1091,33,2000-06-01
2000,Teknaf,7,1457,33,2000-07-01
2000,Teknaf,8,1008,33,2000-08-01
2000,Teknaf,9,363,33,2000-09-01
2000,Teknaf,10,422,33,2000-10-01
2000,Teknaf,11,17,33,2000-11-01
2000,Teknaf,12,0,33,2000-12-01
2001,Teknaf,1,0,33,2001-01-01
2001,Teknaf,2,10,33,2001-02-01
2001,Teknaf,3,0,33,2001-03-01
2001,Teknaf,4,0,33,2001-04-01
2001,Teknaf,5,174,33,2001-05-01
2001,Teknaf,6,1759,33,2001-06-01
2001,Teknaf,7,1236,33,2001-07-01
2001,Teknaf,8,684,33,2001-08-01
2001,Teknaf,9,386,33,2001-09-01
2001,Teknaf,10,215,33,2001-10-01
2001,Teknaf,11,130,33,2001-11-01
2001,Teknaf,12,1,33,2001-12-01
2002,Teknaf,1,2,33,2002-01-01
2002,Teknaf,2,0,33,2002-02-01
2002,Teknaf,3,46,33,2002-03-01
2002,Teknaf,4,8,33,2002-04-01
2002,Teknaf,5,498,33,2002-05-01
2002,Teknaf,6,808,33,2002-06-01
2002,Teknaf,7,1136,33,2002-07-01
2002,Teknaf,8,692,33,2002-08-01
2002,Teknaf,9,257,33,2002-09-01
2002,Teknaf,10,340,33,2002-10-01
2002,Teknaf,11,142,33,2002-11-01
2002,Teknaf,12,0,33,2002-12-01
2003,Teknaf,1,0,33,2003-01-01
2003,Teknaf,2,0,33,2003-02-01
2003,Teknaf,3,17,33,2003-03-01
2003,Teknaf,4,0,33,2003-04-01
2003,Teknaf,5,221,33,2003-05-01
2003,Teknaf,6,1638,33,2003-06-01
2003,Teknaf,7,822,33,2003-07-01
2003,Teknaf,8,895,33,2003-08-01
2003,Teknaf,9,669,33,2003-09-01
2003,Teknaf,10,181,33,2003-10-01
2003,Teknaf,11,0,33,2003-11-01
2003,Teknaf,12,8,33,2003-12-01
2004,Teknaf,1,0,33,2004-01-01
2004,Teknaf,2,0,33,2004-02-01
2004,Teknaf,3,0,33,2004-03-01
2004,Teknaf,4,103,33,2004-04-01
2004,Teknaf,5,437,33,2004-05-01
2004,Teknaf,6,680,33,2004-06-01
2004,Teknaf,7,899,33,2004-07-01
2004,Teknaf,8,1162,33,2004-08-01
2004,Teknaf,9,379,33,2004-09-01
2004,Teknaf,10,472,33,2004-10-01
2004,Teknaf,11,9,33,2004-11-01
2004,Teknaf,12,0,33,2004-12-01
2005,Teknaf,1,0,33,2005-01-01
2005,Teknaf,2,0,33,2005-02-01
2005,Teknaf,3,10,33,2005-03-01
2005,Teknaf,4,77,33,2005-04-01
2005,Teknaf,5,113,33,2005-05-01
2005,Teknaf,6,1023,33,2005-06-01
2005,Teknaf,7,953,33,2005-07-01
2005,Teknaf,8,1356,33,2005-08-01
2005,Teknaf,9,273,33,2005-09-01
2005,Teknaf,10,113,33,2005-10-01
2005,Teknaf,11,14,33,2005-11-01
2005,Teknaf,12,60,33,2005-12-01
2006,Teknaf,1,0,33,2006-01-01
2006,Teknaf,2,0,33,2006-02-01
2006,Teknaf,3,0,33,2006-03-01
2006,Teknaf,4,31,33,2006-04-01
2006,Teknaf,5,724,33,2006-05-01
2006,Teknaf,6,491,33,2006-06-01
2006,Teknaf,7,1150,33,2006-07-01
2006,Teknaf,8,732,33,2006-08-01
2006,Teknaf,9,824,33,2006-09-01
2006,Teknaf,10,237,33,2006-10-01
2006,Teknaf,11,43,33,2006-11-01
2006,Teknaf,12,0,33,2006-12-01
2007,Teknaf,1,0,33,2007-01-01
2007,Teknaf,2,8,33,2007-02-01
2007,Teknaf,3,0,33,2007-03-01
2007,Teknaf,4,69,33,2007-04-01
2007,Teknaf,5,290,33,2007-05-01
2007,Teknaf,6,598,33,2007-06-01
2007,Teknaf,7,1586,33,2007-07-01
2007,Teknaf,8,628,33,2007-08-01
2007,Teknaf,9,459,33,2007-09-01
2007,Teknaf,10,622,33,2007-10-01
2007,Teknaf,11,205,33,2007-11-01
2007,Teknaf,12,0,33,2007-12-01
2008,Teknaf,1,60,33,2008-01-01
2008,Teknaf,2,7,33,2008-02-01
2008,Teknaf,3,0,33,2008-03-01
2008,Teknaf,4,0,33,2008-04-01
2008,Teknaf,5,335,33,2008-05-01
2008,Teknaf,6,1135,33,2008-06-01
2008,Teknaf,7,2072,33,2008-07-01
2008,Teknaf,8,993,33,2008-08-01
2008,Teknaf,9,520,33,2008-09-01
2008,Teknaf,10,285,33,2008-10-01
2008,Teknaf,11,5,33,2008-11-01
2008,Teknaf,12,0,33,2008-12-01
2009,Teknaf,1,0,33,2009-01-01
2009,Teknaf,2,0,33,2009-02-01
2009,Teknaf,3,0,33,2009-03-01
2009,Teknaf,4,95,33,2009-04-01
2009,Teknaf,5,313,33,2009-05-01
2009,Teknaf,6,542,33,2009-06-01
2009,Teknaf,7,1454,33,2009-07-01
2009,Teknaf,8,851,33,2009-08-01
2009,Teknaf,9,555,33,2009-09-01
2009,Teknaf,10,174,33,2009-10-01
2009,Teknaf,11,3,33,2009-11-01
2009,Teknaf,12,0,33,2009-12-01
2010,Teknaf,1,0,33,2010-01-01
2010,Teknaf,2,0,33,2010-02-01
2010,Teknaf,3,33,33,2010-03-01
2010,Teknaf,4,8,33,2010-04-01
2010,Teknaf,5,492,33,2010-05-01
2010,Teknaf,6,1089,33,2010-06-01
2010,Teknaf,7,881,33,2010-07-01
2010,Teknaf,8,551,33,2010-08-01
2010,Teknaf,9,400,33,2010-09-01
2010,Teknaf,10,602,33,2010-10-01
2010,Teknaf,11,15,33,2010-11-01
2010,Teknaf,12,193,33,2010-12-01
2011,Teknaf,1,9,33,2011-01-01
2011,Teknaf,2,1,33,2011-02-01
2011,Teknaf,3,11,33,2011-03-01
2011,Teknaf,4,130,33,2011-04-01
2011,Teknaf,5,312,33,2011-05-01
2011,Teknaf,6,1180,33,2011-06-01
2011,Teknaf,7,848,33,2011-07-01
2011,Teknaf,8,1163,33,2011-08-01
2011,Teknaf,9,826,33,2011-09-01
2011,Teknaf,10,474,33,2011-10-01
2011,Teknaf,11,0,33,2011-11-01
2011,Teknaf,12,0,33,2011-12-01
2012,Teknaf,1,0,33,2012-01-01
2012,Teknaf,2,0,33,2012-02-01
2012,Teknaf,3,22,33,2012-03-01
2012,Teknaf,4,142,33,2012-04-01
2012,Teknaf,5,154,33,2012-05-01
2012,Teknaf,6,1431,33,2012-06-01
2012,Teknaf,7,1349,33,2012-07-01
2012,Teknaf,8,933,33,2012-08-01
2012,Teknaf,9,496,33,2012-09-01
2012,Teknaf,10,319,33,2012-10-01
2012,Teknaf,11,23,33,2012-11-01
2012,Teknaf,12,0,33,2012-12-01
2013,Teknaf,1,0,33,2013-01-01
2013,Teknaf,2,0,33,2013-02-01
2013,Teknaf,3,0,33,2013-03-01
2013,Teknaf,4,34,33,2013-04-01
2013,Teknaf,5,753,33,2013-05-01
2013,Teknaf,6,821,33,2013-06-01
2013,Teknaf,7,1127,33,2013-07-01
2013,Teknaf,8,851,33,2013-08-01
2013,Teknaf,9,329,33,2013-09-01
2013,Teknaf,10,271,33,2013-10-01
2013,Teknaf,11,0,33,2013-11-01
2013,Teknaf,12,0,33,2013-12-01
2014,Teknaf,1,0,33,2014-01-01
2014,Teknaf,2,22,33,2014-02-01
2014,Teknaf,3,0,33,2014-03-01
2014,Teknaf,4,1,33,2014-04-01
2014,Teknaf,5,78,33,2014-05-01
2014,Teknaf,6,887,33,2014-06-01
2014,Teknaf,7,894,33,2014-07-01
2014,Teknaf,8,1022,33,2014-08-01
2014,Teknaf,9,507,33,2014-09-01
2014,Teknaf,10,65,33,2014-10-01
2014,Teknaf,11,30,33,2014-11-01
2014,Teknaf,12,1,33,2014-12-01
2015,Teknaf,1,11,33,2015-01-01
2015,Teknaf,2,0,33,2015-02-01
2015,Teknaf,3,0,33,2015-03-01
2015,Teknaf,4,111,33,2015-04-01
2015,Teknaf,5,127,33,2015-05-01
2015,Teknaf,6,1695,33,2015-06-01
2015,Teknaf,7,1710,33,2015-07-01
2015,Teknaf,8,824,33,2015-08-01
2015,Teknaf,9,710,33,2015-09-01
2015,Teknaf,10,201,33,2015-10-01
2015,Teknaf,11,44,33,2015-11-01
2015,Teknaf,12,14,33,2015-12-01
2016,Teknaf,1,0,33,2016-01-01
2016,Teknaf,2,0,33,2016-02-01
2016,Teknaf,3,20,33,2016-03-01
2016,Teknaf,4,22,33,2016-04-01
2016,Teknaf,5,346,33,2016-05-01
2016,Teknaf,6,867,33,2016-06-01
2016,Teknaf,7,1351,33,2016-07-01
2016,Teknaf,8,920,33,2016-08-01
2016,Teknaf,9,512,33,2016-09-01
2016,Teknaf,10,208,33,2016-10-01
2016,Teknaf,11,53,33,2016-11-01
2016,Teknaf,12,0,33,2016-12-01
