Year,Month,Time,Barisal,Bhola,Bogra,Chandpur,Chittagong,Comilla,CoxsBazar,Dhaka,Dinajpur,Faridpur,Hatiya,Ishurdi,Jessore,Khulna,M.court,Mymensingh,Rangamati,Rangpur,Sandwip,Satkhira,Srimangal,Sylhet,Rajshahi,Patuakhali,Feni,Khepupara,Madaripur,Sitakunda,Teknaf,Kutubdia,Tangail,Mongla,Ambagan_ctg
1970,1,1970-01-01,0,0.0,0.0,0.0,1.0,20.0,0,16.0,42.0,12,0.0,73,31.0,0.0,16.0,23.0,6,29.0,0.0,0,36.0,62.0,,,,,,,,,,,
1970,2,1970-02-01,24,26.0,0.0,0.0,20.0,9.0,40,8.0,0.0,15,64.0,25,30.0,0.0,65.0,0.0,54,6.0,27.0,47,6.0,65.0,,,,,,,,,,,
1970,3,1970-03-01,5,4.0,0.0,13.0,2.0,63.0,0,23.0,1.0,25,6.0,30,45.0,0.0,5.0,6.0,15,5.0,57.0,22,97.0,60.0,,,,,,,,,,,
1970,4,1970-04-01,91,70.0,0.0,71.0,40.0,134.0,69,45.0,76.0,68,44.0,1,87.0,51.0,217.0,117.0,38,39.0,231.0,4,79.0,466.0,,,,,,,,,,,
1970,5,1970-05-01,124,69.0,113.0,57.0,158.0,187.0,331,192.0,74.0,173,131.0,116,29.0,129.0,127.0,176.0,111,162.0,150.0,59,79.0,851.0,,,,,,,,,,,
1970,6,1970-06-01,408,402.0,506.0,387.0,313.0,129.0,578,276.0,253.0,308,468.0,236,352.0,548.0,574.0,570.0,274,527.0,327.0,296,418.0,955.0,,,,,,,,,,,
1970,7,1970-07-01,530,233.0,629.0,433.0,1041.0,546.0,1424,496.0,586.0,382,584.0,168,415.0,634.0,692.0,323.0,1276,503.0,812.0,356,657.0,1076.0,,,,,,,,,,,
1970,8,1970-08-01,317,287.0,171.0,172.0,405.0,240.0,598,280.0,126.0,291,512.0,378,280.0,270.0,696.0,207.0,326,440.0,597.0,274,267.0,662.0,,,,,,,,,,,
1970,9,1970-09-01,571,503.0,201.0,208.0,317.0,37.0,308,200.0,217.0,433,521.0,340,490.0,115.0,554.0,242.0,200,242.0,282.0,377,420.0,622.0,,,,,,,,,,,
1970,10,1970-10-01,253,288.0,164.0,238.0,380.0,284.0,458,427.0,48.0,413,389.0,364,339.0,190.0,569.0,274.0,155,39.0,428.0,0,213.0,608.0,,,,,,,,,,,
1970,11,1970-11-01,90,9.0,10.0,1.0,151.0,74.0,67,32.0,0.0,32,0.0,0,10.0,13.0,151.0,8.0,109,5.0,148.0,9,31.0,47.0,,,,,,,,,,,
1970,12,1970-12-01,0,0.0,0.0,0.0,0.0,0.0,0,0.0,0.0,0,0.0,0,0.0,0.0,0.0,0.0,0,0.0,0.0,0,0.0,0.0,,,,,,,,,,,
1971,1,1971-01-01,7,0.0,13.0,,10.0,5.0,4,3.0,8.0,12,0.0,0,16.0,0.0,0.0,0.0,5,12.0,4.0,0,4.0,22.0,22.0,,,,,,,,,,
1971,2,1971-02-01,1,0.0,4.0,,0.0,10.0,0,28.0,11.0,9,0.0,0,0.0,0.0,0.0,0.0,0,2.0,1.0,0,0.0,7.0,14.0,,,,,,,,,,
1971,3,1971-03-01,0,0.0,8.0,,0.0,0.0,1,0.0,0.0,0,0.0,0,0.0,0.0,0.0,0.0,0,0.0,0.0,0,0.0,62.0,0.0,,,,,,,,,,
1971,4,1971-04-01,104,0.0,0.0,,2.0,0.0,5,0.0,0.0,0,0.0,0,0.0,0.0,0.0,0.0,103,0.0,159.0,0,0.0,0.0,0.0,,,,,,,,,,
1971,4,1971-04-01,104,0.0,0.0,,2.0,0.0,5,0.0,0.0,0,0.0,0,0.0,0.0,0.0,0.0,103,0.0,159.0,0,0.0,0.0,0.0,,,,,,,,,,
1971,5,1971-05-01,267,247.0,0.0,,63.0,46.0,155,344.0,0.0,0,0.0,0,0.0,37.0,282.0,0.0,133,0.0,263.0,93,0.0,11.0,0.0,,,,,,,,,,
1971,6,1971-06-01,503,584.0,0.0,,853.0,123.0,1179,339.0,0.0,0,436.0,0,205.0,63.0,615.0,0.0,693,121.0,922.0,401,0.0,710.0,277.0,,,,,,,,,,
1971,7,1971-07-01,250,409.0,344.0,,949.0,291.0,1518,550.0,0.0,278,790.0,0,489.0,48.0,793.0,0.0,399,298.0,780.0,598,95.0,510.0,452.0,,,,,,,,,,
1971,8,1971-08-01,233,381.0,312.0,,707.0,307.0,680,540.0,295.0,538,989.0,525,500.0,135.0,870.0,369.0,507,438.0,1113.0,0,212.0,571.0,452.0,,,,,,,,,,
1971,9,1971-09-01,394,409.0,392.0,,184.0,172.0,112,259.0,94.0,292,430.0,0,313.0,80.0,425.0,897.0,164,403.0,273.0,263,116.0,349.0,264.0,,,,,,,,,,
1971,10,1971-10-01,152,107.0,128.0,,59.0,166.0,163,118.0,302.0,135,0.0,0,0.0,106.0,230.0,445.0,72,250.0,260.0,198,249.0,259.0,81.0,,,,,,,,,,
1971,11,1971-11-01,114,1283.0,41.0,,0.0,57.0,91,95.0,0.0,66,0.0,0,0.0,6.0,172.0,58.0,41,49.0,175.0,0,99.0,85.0,86.0,,,,,,,,,,
1971,12,1971-12-01,0,0.0,0.0,,0.0,0.0,0,0.0,0.0,0,,0,0.0,0.0,0.0,0.0,1,0.0,0.0,0,0.0,0.0,0.0,,,,,,,,,,
1972,1,1972-01-01,0,0.0,3.0,,0.0,0.0,0,0.0,0.0,0,,0,0.0,0.0,0.0,0.0,0,4.0,0.0,0,0.0,4.0,10.0,,,,,,,,,,
1972,2,1972-02-01,58,13.0,16.0,,2.0,0.0,4,11.0,0.0,70,,0,4.0,0.0,59.0,20.0,2,42.0,16.0,15,42.0,40.0,13.0,,,,,,,,,,
1972,3,1972-03-01,0,0.0,14.0,,0.0,15.0,0,12.0,4.0,2,,0,7.0,0.0,10.0,35.0,0,53.0,14.0,0,90.0,110.0,0.0,,,,,,,,,,
1972,4,1972-04-01,121,59.0,6.0,,87.0,117.0,52,248.0,0.0,177,,27,37.0,64.0,46.0,89.0,37,31.0,45.0,8,234.0,445.0,19.0,,,,,,,,,,
1972,5,1972-05-01,130,64.0,134.0,,15.0,252.0,124,340.0,0.0,257,,130,22.0,121.0,123.0,127.0,105,100.0,253.0,0,269.0,384.0,88.0,,,,,,,,,,
1972,6,1972-06-01,262,512.0,268.0,,457.0,369.0,288,353.0,171.0,246,,159,110.0,0.0,470.0,625.0,450,239.0,1055.0,0,0.0,829.0,208.0,,,,,,,,,,
1972,7,1972-07-01,248,242.0,307.0,,372.0,206.0,324,249.0,257.0,203,,217,169.0,137.0,454.0,418.0,315,325.0,624.0,0,447.0,826.0,109.0,,,,,,,,,,
1972,8,1972-08-01,458,586.0,261.0,,565.0,385.0,839,380.0,371.0,366,,228,372.0,0.0,722.0,130.0,309,0.0,1029.0,0,202.0,479.0,248.0,,,,,,,,,,
1972,9,1972-09-01,90,42.0,137.0,,0.0,69.0,56,110.0,130.0,259,,138,131.0,0.0,73.0,204.0,100,201.0,148.0,0,191.0,353.0,175.0,,,,,,,,,,
1972,10,1972-10-01,29,167.0,101.0,,88.0,57.0,440,105.0,52.0,62,,45,17.0,0.0,88.0,6.0,53,118.0,326.0,0,36.0,302.0,51.0,,,,,,,,,,
1972,11,1972-11-01,0,0.0,0.0,,0.0,1.0,1,0.0,0.0,0,,0,1.0,0.0,6.0,0.0,4,1.0,3.0,0,2.0,0.0,0.0,,,,,,,,,,
1972,12,1972-12-01,0,0.0,0.0,,0.0,0.0,0,0.0,0.0,0,,0,0.0,0.0,0.0,0.0,0,0.0,0.0,0,0.0,0.0,0.0,,,,,,,,,,
1973,1,1973-01-01,0,0.0,12.0,0.0,5.0,10.0,3,0.0,,0,0.0,25,0.0,0.0,0.0,24.0,0,8.0,2.0,0,0.0,,11.0,0.0,,,,,,,,,
1973,2,1973-02-01,12,0.0,63.0,0.0,8.0,30.0,4,21.0,,9,0.0,42,10.0,0.0,4.0,15.0,0,7.0,20.0,1,108.0,,17.0,0.0,,,,,,,,,
1973,3,1973-03-01,81,99.0,10.0,0.0,14.0,53.0,2,32.0,,40,0.0,27,75.0,0.0,89.0,0.0,35,8.0,95.0,0,16.0,,0.0,0.0,,,,,,,,,
1973,4,1973-04-01,42,53.0,95.0,54.0,142.0,72.0,6,131.0,,250,0.0,100,32.0,22.0,85.0,114.0,181,23.0,206.0,42,318.0,,46.0,0.0,,,,,,,,,
1973,5,1973-05-01,508,500.0,259.0,454.0,457.0,445.0,496,621.0,,486,384.0,470,263.0,373.0,470.0,284.0,377,392.0,620.0,171,559.0,,186.0,0.0,,,,,,,,,
1973,6,1973-06-01,502,0.0,835.0,182.0,407.0,489.0,790,414.0,,431,335.0,531,361.0,250.0,428.0,262.0,453,744.0,580.0,186,553.0,,491.0,0.0,,,,,,,,,
1973,7,1973-07-01,392,445.0,350.0,489.0,407.0,332.0,874,0.0,,203,251.0,186,214.0,107.0,570.0,162.0,608,192.0,717.0,290,378.0,,271.0,0.0,,,,,,,,,
1973,8,1973-08-01,266,305.0,194.0,53.0,276.0,138.0,463,238.0,,472,366.0,276,224.0,110.0,566.0,121.0,481,94.0,854.0,320,181.0,,137.0,316.0,,,,,,,,,
1973,9,1973-09-01,398,0.0,584.0,205.0,551.0,127.0,382,348.0,,397,385.0,563,226.0,39.0,327.0,0.0,133,531.0,634.0,295,150.0,,586.0,328.0,,,,,,,,,
1973,10,1973-10-01,308,0.0,60.0,157.0,225.0,198.0,242,128.0,,207,135.0,181,131.0,0.0,71.0,0.0,138,222.0,65.0,153,80.0,,145.0,153.0,,,,,,,,,
1973,11,1973-11-01,171,197.0,27.0,0.0,259.0,160.0,248,64.0,,60,319.0,27,45.0,0.0,187.0,0.0,126,12.0,356.0,102,88.0,,5.0,185.0,,,,,,,,,
1973,12,1973-12-01,197,151.0,27.0,0.0,40.0,0.0,13,86.0,,44,54.0,58,97.0,4.0,79.0,0.0,2,4.0,41.0,134,37.0,,19.0,64.0,,,,,,,,,
1974,1,1974-01-01,2,0.0,0.0,0.0,7.0,0.0,3,,,1,3.0,0,0.0,0.0,10.0,0.0,1,,22.0,0,0.0,0.0,0.0,,4.0,0.0,,,,,,,
1974,2,1974-02-01,0,0.0,0.0,0.0,0.0,0.0,0,,,0,0.0,0,0.0,0.0,0.0,0.0,0,,0.0,0,0.0,0.0,0.0,,0.0,0.0,,,,,,,
1974,3,1974-03-01,149,218.0,68.0,274.0,158.0,84.0,158,,,68,256.0,84,112.0,174.0,76.0,0.0,0,,207.0,107,27.0,81.0,92.0,,64.0,129.0,,,,,,,
1974,4,1974-04-01,187,87.0,120.0,127.0,80.0,234.0,76,,,146,48.0,156,44.0,37.0,10.0,0.0,0,,114.0,77,338.0,396.0,10.0,,130.0,44.0,,,,,,,
1974,5,1974-05-01,265,207.0,254.0,330.0,323.0,203.0,486,,,316,264.0,71,202.0,301.0,138.0,0.0,0,,251.0,168,493.0,505.0,91.0,,353.0,238.0,,,,,,,
1974,6,1974-06-01,289,433.0,221.0,360.0,958.0,488.0,832,,,344,434.0,191,160.0,251.0,797.0,0.0,441,,783.0,127,677.0,1014.0,172.0,,577.0,287.0,,,,,,,
1974,7,1974-07-01,684,817.0,474.0,578.0,943.0,763.0,1291,,,714,793.0,492,353.0,792.0,780.0,526.0,489,,1314.0,528,286.0,1128.0,513.0,,1337.0,615.0,,,,,,,
1974,8,1974-08-01,238,437.0,416.0,210.0,529.0,271.0,1059,,,152,399.0,276,436.0,442.0,384.0,106.0,317,,533.0,238,0.0,854.0,452.0,,524.0,403.0,,,,,,,
1974,9,1974-09-01,361,341.0,130.0,2.0,347.0,442.0,210,,,260,613.0,210,225.0,452.0,379.0,217.0,401,,369.0,348,0.0,714.0,263.0,,361.0,450.0,,,,,,,
1974,10,1974-10-01,153,201.0,168.0,18.0,308.0,150.0,116,,,210,118.0,99,99.0,312.0,181.0,0.0,252,,221.0,183,97.0,448.0,143.0,,386.0,240.0,,,,,,,
1974,11,1974-11-01,18,53.0,0.0,1.0,63.0,65.0,88,,,0,89.0,8,9.0,1.0,66.0,0.0,23,,105.0,0,16.0,8.0,0.0,,79.0,1.0,,,,,,,
1974,12,1974-12-01,0,0.0,3.0,0.0,0.0,0.0,0,,,0,0.0,0,0.0,0.0,0.0,0.0,0,,0.0,0,0.0,0.0,0.0,,0.0,0.0,,,,,,,
1975,1,1975-01-01,0,0.0,4.0,0.0,0.0,0.0,0,1.0,,0,0.0,4,7.0,,0.0,0.0,0,2.0,,6,0.0,0.0,9.0,0.0,0.0,0.0,,,,,,,
1975,2,1975-02-01,1,16.0,6.0,0.0,5.0,43.0,0,29.0,,19,3.0,0,0.0,,0.0,0.0,0,6.0,,35,0.0,31.0,5.0,0.0,63.0,0.0,,,,,,,
1975,3,1975-03-01,0,0.0,24.0,1.0,0.0,6.0,0,13.0,,0,0.0,11,10.0,,0.0,0.0,6,3.0,,0,0.0,64.0,12.0,0.0,0.0,0.0,,,,,,,
1975,4,1975-04-01,0,0.0,52.0,2.0,65.0,84.0,11,98.0,,114,0.0,178,10.0,,108.0,8.0,183,146.0,,19,0.0,255.0,55.0,18.0,49.0,3.0,,,,,,,
1975,5,1975-05-01,230,161.0,223.0,101.0,251.0,194.0,254,317.0,,256,370.0,138,130.0,,244.0,3.0,108,445.0,,117,305.0,567.0,109.0,167.0,163.0,265.0,,,,,,,
1975,6,1975-06-01,353,428.0,112.0,161.0,389.0,259.0,484,235.0,,210,363.0,200,142.0,,289.0,0.0,508,116.0,,219,285.0,0.0,71.0,115.0,319.0,268.0,,,,,,,
1975,7,1975-07-01,321,597.0,490.0,474.0,906.0,516.0,1293,559.0,,581,1235.0,624,444.0,,903.0,0.0,649,468.0,,692,253.0,1061.0,381.0,479.0,328.0,737.0,,,,,,,
1975,8,1975-08-01,351,252.0,107.0,124.0,294.0,143.0,462,307.0,,234,449.0,225,128.0,,238.0,17.0,262,164.0,,0,0.0,737.0,179.0,325.0,250.0,351.0,,,,,,,
1975,9,1975-09-01,0,320.0,204.0,147.0,312.0,258.0,280,329.0,,293,289.0,177,150.0,,371.0,0.0,220,290.0,,152,147.0,466.0,197.0,540.0,222.0,356.0,,,,,,,
1975,10,1975-10-01,150,263.0,209.0,15.0,231.0,182.0,667,232.0,,244,513.0,178,215.0,,599.0,0.0,195,123.0,,138,106.0,171.0,125.0,275.0,677.0,480.0,,,,,,,
1975,11,1975-11-01,44,149.0,1.0,7.0,145.0,128.0,300,25.0,,18,249.0,60,7.0,,119.0,0.0,115,0.0,,13,83.0,92.0,1.0,101.0,147.0,184.0,,,,,,,
1975,12,1975-12-01,0,0.0,0.0,0.0,0.0,0.0,25,0.0,,0,0.0,0,0.0,,0.0,0.0,0,0.0,,0,0.0,0.0,0.0,0.0,0.0,0.0,,,,,,,
1976,1,1976-01-01,0,0.0,0.0,0.0,0.0,0.0,0,0.0,,0,0.0,0,0.0,0.0,,0.0,0,0.0,0.0,0,0.0,0.0,0.0,0.0,0.0,0.0,,,,,,,
1976,2,1976-02-01,20,45.0,11.0,0.0,6.0,10.0,0,7.0,,18,26.0,17,28.0,70.0,,8.0,0,0.0,0.0,62,0.0,11.0,10.0,24.0,37.0,0.0,,,,,,,
1976,3,1976-03-01,2,1.0,22.0,0.0,2.0,49.0,0,117.0,,0,32.0,8,21.0,0.0,,0.0,0,1.0,0.0,0,0.0,323.0,4.0,0.0,47.0,0.0,,,,,,,
1976,4,1976-04-01,100,86.0,45.0,0.0,50.0,44.0,86,34.0,,103,215.0,23,68.0,59.0,,84.0,123,116.0,0.0,116,93.0,97.0,10.0,46.0,140.0,59.0,,,,,,,
1976,5,1976-05-01,164,281.0,157.0,27.0,123.0,266.0,244,459.0,,403,303.0,352,141.0,288.0,,237.0,181,203.0,175.0,188,0.0,437.0,235.0,0.0,289.0,258.0,,,,,,,
1976,6,1976-06-01,330,414.0,396.0,182.0,1041.0,521.0,889,627.0,,315,732.0,496,243.0,340.0,,394.0,874,427.0,866.0,0,1285.0,1155.0,234.0,0.0,1002.0,413.0,,,,,,,
1976,7,1976-07-01,350,530.0,429.0,110.0,0.0,517.0,50,346.0,,598,806.0,790,253.0,305.0,,577.0,783,500.0,1064.0,418,529.0,1096.0,242.0,0.0,537.0,849.0,,,,,,,
1976,8,1976-08-01,379,669.0,453.0,0.0,377.0,435.0,671,361.0,,250,865.0,499,278.0,378.0,,475.0,377,436.0,975.0,237,267.0,880.0,389.0,0.0,722.0,172.0,,,,,,,
1976,9,1976-09-01,305,212.0,296.0,37.0,96.0,17.0,49,165.0,,156,391.0,332,132.0,363.0,,195.0,389,157.0,466.0,172,606.0,224.0,257.0,0.0,263.0,167.0,,,,,,,
1976,10,1976-10-01,147,153.0,69.0,6.0,163.0,96.0,235,114.0,,81,213.0,89,11.0,114.0,,135.0,160,54.0,336.0,84,155.0,260.0,45.0,0.0,147.0,315.0,,,,,,,
1976,11,1976-11-01,23,42.0,4.0,0.0,251.0,10.0,275,8.0,,0,54.0,3,4.0,11.0,,0.0,143,1.0,44.0,18,0.0,45.0,1.0,0.0,19.0,0.0,,,,,,,
1976,12,1976-12-01,25,0.0,0.0,0.0,10.0,0.0,0,0.0,,0,0.0,0,0.0,0.0,,0.0,0,0.0,0.0,0,0.0,0.0,0.0,0.0,0.0,0.0,,,,,,,
1977,1,1977-01-01,9,60.0,0.0,0.0,0.0,0.0,0,0.0,,4,22.0,0,1.0,4.0,,12.0,20,0.0,0.0,1,0.0,16.0,4.0,0.0,18.0,15.0,17.0,0.0,0.0,,,,
1977,1,1977-01-01,9,60.0,0.0,0.0,0.0,0.0,0,0.0,,4,22.0,0,1.0,4.0,,12.0,20,0.0,0.0,1,0.0,16.0,4.0,0.0,18.0,15.0,17.0,0.0,0.0,,,,
1977,2,1977-02-01,36,64.0,0.0,6.0,71.0,78.0,22,66.0,,18,61.0,0,25.0,0.0,,119.0,29,0.0,77.0,84,51.0,43.0,19.0,18.0,98.0,13.0,51.0,0.0,0.0,,,,
1977,3,1977-03-01,0,0.0,0.0,0.0,0.0,7.0,0,71.0,,0,0.0,0,0.0,0.0,,0.0,0,0.0,0.0,0,0.0,133.0,0.0,0.0,0.0,,2.0,0.0,0.0,,,,
1977,4,1977-04-01,307,436.0,0.0,0.0,418.0,359.0,566,255.0,,263,513.0,272,162.0,157.0,,327.0,389,140.0,507.0,132,695.0,759.0,229.0,87.0,435.0,280.0,444.0,0.0,272.0,,,,
1977,5,1977-05-01,157,319.0,0.0,0.0,271.0,392.0,354,381.0,,175,496.0,257,181.0,245.0,,729.0,250,320.0,315.0,192,510.0,387.0,241.0,443.0,521.0,307.0,294.0,290.0,356.0,,,,
1977,6,1977-06-01,557,672.0,0.0,0.0,430.0,417.0,930,252.0,,762,737.0,1167,344.0,355.0,,794.0,502,550.0,1065.0,485,500.0,787.0,543.0,859.0,572.0,668.0,529.0,770.0,779.0,,,,
1977,7,1977-07-01,299,462.0,365.0,0.0,715.0,435.0,1077,306.0,,323,646.0,518,301.0,0.0,,250.0,520,384.0,1093.0,621,0.0,516.0,399.0,762.0,773.0,346.0,496.0,995.0,1083.0,,,,
1977,8,1977-08-01,138,309.0,173.0,276.0,328.0,116.0,649,92.0,,142,410.0,228,99.0,276.0,,176.0,487,334.0,729.0,258,311.0,743.0,157.0,476.0,425.0,571.0,113.0,495.0,1008.0,,,,
1977,9,1977-09-01,237,327.0,169.0,154.0,92.0,149.0,239,131.0,,190,342.0,75,224.0,57.0,,189.0,164,101.0,320.0,176,121.0,104.0,121.0,0.0,237.0,159.0,184.0,118.0,401.0,,,,
1977,10,1977-10-01,69,89.0,157.0,80.0,124.0,132.0,25,273.0,,150,129.0,157,93.0,0.0,,196.0,67,155.0,55.0,75,189.0,397.0,162.0,139.0,61.0,162.0,136.0,123.0,75.0,,,,
1977,11,1977-11-01,53,137.0,48.0,122.0,35.0,35.0,53,10.0,,8,38.0,1,30.0,17.0,,36.0,44,0.0,38.0,23,92.0,54.0,10.0,47.0,33.0,60.0,46.0,39.0,15.0,,,,
1977,11,1977-11-01,53,137.0,48.0,122.0,35.0,35.0,53,10.0,,8,38.0,1,30.0,17.0,,36.0,44,0.0,38.0,23,92.0,54.0,10.0,47.0,33.0,60.0,46.0,39.0,15.0,,,,
1977,11,1977-11-01,53,137.0,48.0,122.0,35.0,35.0,53,10.0,,8,38.0,1,30.0,17.0,,36.0,44,0.0,38.0,23,92.0,54.0,10.0,47.0,33.0,60.0,46.0,39.0,15.0,,,,
1977,11,1977-11-01,53,137.0,48.0,122.0,35.0,35.0,53,10.0,,8,38.0,1,30.0,17.0,,36.0,44,0.0,38.0,23,92.0,54.0,10.0,47.0,33.0,60.0,46.0,39.0,15.0,,,,
1977,12,1977-12-01,0,0.0,,0.0,0.0,5.0,31,24.0,,4,0.0,67,40.0,11.0,,19.0,0,12.0,0.0,17,15.0,4.0,33.0,0.0,0.0,0.0,9.0,0.0,0.0,,,,
1978,1,1978-01-01,0,0.0,2.0,,0.0,,0,0.0,,0,5.0,0,,0.0,0.0,0.0,0,0.0,0.0,0,0.0,0.0,1.0,0.0,0.0,8.0,0.0,0.0,0.0,,,,
1978,2,1978-02-01,0,0.0,0.0,,0.0,,0,20.0,,13,0.0,0,,3.0,0.0,0.0,0,0.0,0.0,10,0.0,0.0,46.0,0.0,8.0,0.0,4.0,0.0,0.0,,,,
1978,3,1978-03-01,14,1.0,25.0,,2.0,,0,18.0,,19,67.0,34,,19.0,0.0,46.0,0,8.0,11.0,32,33.0,50.0,62.0,24.0,20.0,1.0,22.0,5.0,0.0,,,,
1978,4,1978-04-01,242,189.0,155.0,,48.0,,270,194.0,,42,108.0,158,,81.0,39.0,119.0,0,150.0,187.0,100,0.0,199.0,93.0,111.0,115.0,134.0,155.0,120.0,28.0,,,,
1978,5,1978-05-01,387,517.0,374.0,,369.0,,518,454.0,,205,700.0,266,,226.0,408.0,405.0,385,289.0,527.0,198,651.0,791.0,104.0,673.0,556.0,448.0,311.0,755.0,420.0,,,,
1978,6,1978-06-01,631,512.0,654.0,,811.0,,621,529.0,,401,1049.0,282,,436.0,84.0,509.0,713,394.0,425.0,229,686.0,870.0,492.0,560.0,429.0,435.0,332.0,807.0,720.0,,,,
1978,7,1978-07-01,409,514.0,306.0,,277.0,,535,320.0,,9,530.0,104,,341.0,0.0,475.0,332,530.0,361.0,328,240.0,722.0,126.0,438.0,458.0,661.0,387.0,848.0,564.0,,,,
1978,8,1978-08-01,403,586.0,191.0,,425.0,,571,426.0,,192,555.0,0,,301.0,0.0,124.0,336,196.0,711.0,312,343.0,256.0,149.0,644.0,439.0,431.0,290.0,553.0,842.0,,,,
1978,9,1978-09-01,300,438.0,161.0,,381.0,,479,192.0,,203,507.0,246,,453.0,0.0,213.0,441,511.0,479.0,728,128.0,335.0,545.0,448.0,416.0,332.0,151.0,645.0,715.0,,,,
1978,10,1978-10-01,127,116.0,2.0,,192.0,,187,98.0,,46,86.0,44,,127.0,0.0,33.0,164,60.0,90.0,157,51.0,171.0,92.0,136.0,99.0,208.0,92.0,80.0,153.0,,,,
1978,10,1978-10-01,127,116.0,2.0,,192.0,,187,98.0,,46,86.0,44,,127.0,0.0,33.0,164,60.0,90.0,157,51.0,171.0,92.0,136.0,99.0,208.0,92.0,80.0,153.0,,,,
1978,11,1978-11-01,3,6.0,0.0,,0.0,,0,0.0,,0,2.0,0,,0.0,0.0,0.0,2,7.0,0.0,24,1.0,2.0,24.0,103.0,0.0,0.0,4.0,0.0,0.0,,,,
1978,12,1978-12-01,0,0.0,0.0,,0.0,,0,0.0,,0,8.0,0,,0.0,0.0,0.0,0,0.0,0.0,0,0.0,0.0,0.0,0.0,0.0,0.0,0.0,0.0,0.0,,,,
1979,1,1979-01-01,1,,9.0,38.0,1.0,7.0,0,3.0,,9,0.0,24,45.0,12.0,3.0,0.0,0,1.0,4.0,48,2.0,0.0,45.0,1.0,0.0,8.0,,0.0,0.0,,,,
1979,2,1979-02-01,14,,15.0,21.0,2.0,8.0,0,13.0,,27,15.0,25,36.0,26.0,5.0,2.0,2,15.0,7.0,0,7.0,7.0,17.0,2.0,7.0,2.0,,0.0,6.0,,,,
1979,3,1979-03-01,30,,10.0,7.0,1.0,35.0,0,6.0,,65,1.0,5,6.0,1.0,65.0,6.0,0,4.0,2.0,14,24.0,58.0,2.0,0.0,64.0,56.0,,0.0,0.0,,,,
1979,4,1979-04-01,38,,95.0,115.0,43.0,20.0,3,17.0,,22,17.0,18,18.0,12.0,50.0,45.0,61,36.0,47.0,10,135.0,119.0,35.0,0.0,17.0,9.0,,3.0,7.0,,,,
1979,5,1979-05-01,67,,38.0,218.0,213.0,26.0,22,114.0,,14,94.0,4,17.0,97.0,79.0,195.0,172,137.0,62.0,47,279.0,356.0,13.0,0.0,153.0,59.0,,46.0,28.0,,,,
1979,6,1979-06-01,453,,145.0,629.0,653.0,173.0,35,258.0,,467,634.0,373,203.0,356.0,540.0,184.0,519,291.0,700.0,251,419.0,929.0,46.0,395.0,653.0,832.0,,170.0,199.0,,,,
1979,7,1979-07-01,559,,725.0,556.0,446.0,167.0,195,267.0,,296,718.0,432,359.0,533.0,639.0,220.0,710,677.0,670.0,295,451.0,1322.0,492.0,378.0,0.0,395.0,,94.0,472.0,,,,
1979,8,1979-08-01,642,,641.0,0.0,920.0,486.0,332,525.0,,377,1115.0,463,394.0,633.0,525.0,125.0,605,510.0,618.0,319,282.0,288.0,275.0,682.0,0.0,740.0,,191.0,459.0,,,,
1979,9,1979-09-01,316,,463.0,289.0,425.0,344.0,102,382.0,,278,580.0,163,402.0,239.0,340.0,100.0,355,202.0,388.0,90,270.0,587.0,379.0,480.0,0.0,545.0,,84.0,137.0,,,,
1979,10,1979-10-01,127,,45.0,32.0,59.0,157.0,17,146.0,,181,165.0,6,119.0,93.0,8.0,52.0,63,132.0,54.0,69,39.0,249.0,188.0,57.0,0.0,0.0,,15.0,50.0,,,,
1979,11,1979-11-01,31,,27.0,10.0,52.0,29.0,0,55.0,,36,9.0,33,14.0,0.0,60.0,18.0,81,0.0,5.0,0,19.0,6.0,28.0,40.0,54.0,0.0,,7.0,0.0,,,,
1979,12,1979-12-01,47,,14.0,8.0,36.0,9.0,10,51.0,,37,32.0,10,38.0,31.0,26.0,11.0,36,43.0,51.0,31,66.0,33.0,28.0,51.0,16.0,0.0,,12.0,11.0,,,,
1980,1,1980-01-01,0,0.0,9.0,,0.0,0.0,0,3.0,,3,0.0,13,8.0,0.0,0.0,2.0,10,3.0,0.0,3,0.0,0.0,29.0,,12.0,0.0,0.0,0.0,0.0,,,,
1980,2,1980-02-01,55,144.0,3.0,,28.0,41.0,2,32.0,,99,13.0,6,60.0,101.0,61.0,11.0,76,14.0,48.0,166,4.0,33.0,12.0,,41.0,17.0,32.0,25.0,0.0,,,,
1980,3,1980-03-01,47,144.0,15.0,,52.0,50.0,27,54.0,,54,141.0,6,57.0,151.0,71.0,16.0,90,22.0,74.0,74,53.0,114.0,69.0,,66.0,47.0,87.0,13.0,5.0,,,,
1980,4,1980-04-01,13,42.0,69.0,,46.0,82.0,0,147.0,,98,22.0,0,4.0,23.0,45.0,84.0,41,38.0,46.0,11,113.0,519.0,0.0,,74.0,21.0,54.0,4.0,0.0,,,,
1980,5,1980-05-01,235,749.0,263.0,,456.0,429.0,117,414.0,,397,299.0,381,193.0,222.0,554.0,723.0,628,354.0,784.0,99,631.0,758.0,156.0,,515.0,272.0,247.0,111.0,99.0,,,,
1980,6,1980-06-01,272,435.0,326.0,,517.0,195.0,258,323.0,,341,385.0,269,214.0,348.0,267.0,289.0,435,426.0,233.0,192,362.0,457.0,349.0,,115.0,502.0,231.0,48.0,351.0,,,,
1980,7,1980-07-01,526,678.0,410.0,,627.0,472.0,185,380.0,,312,885.0,206,309.0,300.0,784.0,309.0,997,276.0,1555.0,0,294.0,449.0,281.0,,137.0,560.0,381.0,126.0,296.0,,,,
1980,8,1980-08-01,297,308.0,237.0,,702.0,428.0,267,269.0,,243,724.0,101,309.0,421.0,376.0,464.0,448,579.0,682.0,209,190.0,307.0,316.0,,219.0,649.0,291.0,137.0,358.0,,,,
1980,9,1980-09-01,192,180.0,195.0,,229.0,219.0,0,296.0,,213,302.0,248,85.0,137.0,273.0,214.0,249,340.0,288.0,104,322.0,154.0,215.0,,32.0,232.0,303.0,48.0,75.0,,,,
1980,10,1980-10-01,282,322.0,89.0,,275.0,175.0,0,300.0,,290,387.0,210,119.0,126.0,186.0,209.0,279,68.0,290.0,110,213.0,489.0,149.0,,307.0,308.0,266.0,88.0,137.0,,,,
1980,11,1980-11-01,0,0.0,0.0,,0.0,0.0,0,0.0,,22,0.0,0,0.0,0.0,1.0,0.0,0,0.0,0.0,0,0.0,0.0,0.0,,3.0,0.0,0.0,0.0,0.0,,,,
1980,12,1980-12-01,0,0.0,0.0,,0.0,2.0,0,0.0,,0,0.0,0,0.0,1.0,2.0,0.0,0,0.0,0.0,0,0.0,0.0,0.0,,0.0,0.0,0.0,0.0,0.0,,,,
1981,1,1981-01-01,24,51.0,32.0,8.0,15.0,16.0,31,10.0,27.0,10,,30,8.0,23.0,108.0,12.0,0,20.0,42.0,31,,21.0,71.0,36.0,0.0,35.0,56.0,0.0,15.0,,,,
1981,2,1981-02-01,43,16.0,20.0,6.0,2.0,13.0,0,42.0,47.0,58,,81,108.0,42.0,4.0,48.0,0,10.0,1.0,40,,39.0,49.0,13.0,37.0,13.0,35.0,2.0,2.0,,,,
1981,3,1981-03-01,115,119.0,25.0,20.0,129.0,101.0,40,109.0,0.0,140,,64,45.0,220.0,77.0,51.0,0,13.0,143.0,120,,109.0,26.0,184.0,72.0,97.0,142.0,131.0,23.0,,,,
1981,4,1981-04-01,412,415.0,189.0,893.0,279.0,470.0,219,274.0,78.0,357,,360,292.0,347.0,265.0,280.0,230,137.0,474.0,264,,420.0,240.0,296.0,432.0,179.0,340.0,157.0,193.0,,,,
1981,5,1981-05-01,280,258.0,240.0,599.0,341.0,383.0,240,272.0,595.0,263,,323,234.0,236.0,488.0,369.0,344,432.0,325.0,180,,1000.0,290.0,254.0,580.0,166.0,294.0,408.0,259.0,,,,
1981,6,1981-06-01,433,556.0,193.0,403.0,364.0,315.0,705,168.0,103.0,283,,223,124.0,227.0,529.0,103.0,337,104.0,264.0,200,,351.0,159.0,606.0,463.0,397.0,207.0,456.0,1127.0,,,,
1981,7,1981-07-01,521,561.0,379.0,436.0,825.0,511.0,839,356.0,715.0,422,,478,377.0,425.0,1043.0,683.0,262,0.0,917.0,570,,1113.0,574.0,677.0,1091.0,618.0,434.0,290.0,1204.0,,,,
1981,8,1981-08-01,217,378.0,278.0,235.0,343.0,250.0,445,188.0,289.0,740,,211,292.0,268.0,717.0,262.0,447,0.0,662.0,289,,747.0,340.0,373.0,371.0,326.0,0.0,539.0,845.0,,,,
1981,9,1981-09-01,173,265.0,301.0,147.0,150.0,112.0,438,320.0,214.0,199,,423,251.0,188.0,328.0,278.0,371,0.0,537.0,273,,464.0,398.0,216.0,254.0,302.0,0.0,315.0,473.0,,,,
1981,10,1981-10-01,71,4.0,0.0,14.0,20.0,0.0,61,82.0,0.0,35,,0,0.0,29.0,27.0,22.0,42,0.0,50.0,8,,43.0,0.0,18.0,10.0,24.0,0.0,30.0,115.0,,,,
1981,11,1981-11-01,0,0.0,0.0,0.0,1.0,0.0,5,9.0,5.0,0,,0,0.0,0.0,0.0,0.0,24,0.0,0.0,0,,0.0,3.0,0.0,0.0,0.0,0.0,0.0,81.0,,,,
1981,12,1981-12-01,33,26.0,82.0,40.0,0.0,27.0,29,35.0,44.0,92,,48,148.0,65.0,24.0,79.0,0,47.0,25.0,98,,26.0,91.0,3.0,13.0,12.0,0.0,6.0,29.0,,,,
1982,1,1982-01-01,0,0.0,0.0,0.0,0.0,0.0,0,0.0,0.0,0,0.0,0,0.0,0.0,0.0,0.0,0,0.0,0.0,0,0.0,0.0,0.0,0.0,0.0,0.0,0.0,0.0,0.0,,,,
1982,2,1982-02-01,57,56.0,4.0,46.0,7.0,12.0,22,15.0,2.0,24,0.0,8,4.0,15.0,54.0,2.0,71,7.0,41.0,60,71.0,27.0,10.0,34.0,16.0,9.0,4.0,6.0,7.0,,,,
1982,3,1982-03-01,17,16.0,32.0,36.0,53.0,7.0,13,81.0,8.0,63,5.0,81,52.0,23.0,9.0,65.0,0,5.0,15.0,31,31.0,80.0,80.0,0.0,4.0,6.0,47.0,70.0,4.0,,,,
1982,4,1982-04-01,178,208.0,48.0,205.0,143.0,232.0,123,104.0,111.0,126,161.0,133,224.0,135.0,275.0,124.0,84,100.0,246.0,112,320.0,732.0,139.0,179.0,413.0,106.0,128.0,205.0,58.0,,,,
1982,5,1982-05-01,65,93.0,121.0,161.0,44.0,358.0,26,154.0,101.0,217,27.0,144,71.0,30.0,67.0,276.0,103,99.0,25.0,80,219.0,509.0,43.0,53.0,158.0,116.0,101.0,56.0,23.0,,,,
1982,6,1982-06-01,465,515.0,234.0,664.0,746.0,593.0,1199,514.0,264.0,211,581.0,227,319.0,340.0,797.0,689.0,308,649.0,946.0,207,366.0,870.0,260.0,983.0,763.0,603.0,457.0,915.0,1353.0,,,,
1982,7,1982-07-01,223,261.0,360.0,815.0,475.0,219.0,866,136.0,260.0,210,604.0,201,171.0,129.0,852.0,582.0,229,473.0,478.0,206,291.0,807.0,189.0,553.0,687.0,523.0,240.0,694.0,1216.0,,,,
1982,8,1982-08-01,593,579.0,262.0,939.0,797.0,519.0,850,346.0,361.0,271,754.0,205,195.0,386.0,1033.0,337.0,306,347.0,1155.0,387,425.0,661.0,217.0,892.0,894.0,915.0,374.0,686.0,932.0,,,,
1982,9,1982-09-01,219,246.0,120.0,250.0,401.0,194.0,483,258.0,164.0,147,294.0,155,232.0,268.0,435.0,243.0,299,455.0,352.0,230,227.0,513.0,66.0,877.0,406.0,329.0,293.0,405.0,475.0,,,,
1982,10,1982-10-01,6,11.0,30.0,17.0,5.0,19.0,3,146.0,42.0,25,23.0,31,5.0,22.0,46.0,28.0,45,64.0,149.0,27,44.0,29.0,38.0,69.0,9.0,8.0,53.0,143.0,14.0,,,,
1982,11,1982-11-01,34,29.0,11.0,83.0,43.0,32.0,119,51.0,29.0,116,13.0,67,21.0,29.0,18.0,8.0,7,1.0,13.0,19,23.0,5.0,60.0,5.0,37.0,29.0,61.0,11.0,48.0,,,,
1982,12,1982-12-01,11,0.0,1.0,8.0,1.0,0.0,0,0.0,0.0,0,1.0,1,1.0,3.0,5.0,0.0,0,1.0,0.0,1,0.0,0.0,1.0,13.0,0.0,0.0,0.0,0.0,0.0,,,,
1983,1,1983-01-01,8,10.0,7.0,10.0,5.0,14.0,8,14.0,11.0,4,20.0,15,20.0,49.0,54.0,9.0,0,6.0,31.0,17,1.0,1.0,1.0,63.0,15.0,20.0,7.0,9.0,10.0,,,,
1983,2,1983-02-01,39,33.0,3.0,14.0,44.0,25.0,47,61.0,0.0,50,41.0,45,118.0,60.0,42.0,3.0,39,0.0,24.0,58,22.0,43.0,2.0,29.0,53.0,50.0,57.0,12.0,8.0,,,,
1983,3,1983-03-01,18,17.0,31.0,148.0,79.0,98.0,19,138.0,20.0,87,153.0,54,71.0,37.0,93.0,66.0,101,46.0,51.0,22,364.0,387.0,4.0,12.0,10.0,28.0,93.0,171.0,46.0,,,,
1983,4,1983-04-01,92,239.0,31.0,440.0,219.0,93.0,123,318.0,9.0,173,115.0,79,61.0,163.0,272.0,115.0,195,43.0,308.0,130,403.0,500.0,34.0,308.0,99.0,72.0,238.0,457.0,25.0,,,,
1983,5,1983-05-01,318,434.0,355.0,751.0,222.0,290.0,261,348.0,311.0,320,359.0,368,361.0,358.0,444.0,512.0,441,272.0,345.0,202,605.0,580.0,121.0,927.0,590.0,275.0,387.0,313.0,169.0,,,,
1983,6,1983-06-01,292,573.0,102.0,512.0,609.0,195.0,721,300.0,157.0,196,504.0,153,142.0,302.0,407.0,112.0,259,329.0,390.0,201,431.0,667.0,65.0,953.0,349.0,474.0,312.0,243.0,730.0,,,,
1983,7,1983-07-01,399,526.0,248.0,304.0,812.0,396.0,1027,179.0,700.0,303,0.0,296,189.0,0.0,1512.0,413.0,498,636.0,1077.0,195,268.0,952.0,366.0,982.0,0.0,0.0,315.0,938.0,0.0,,,,
1983,8,1983-08-01,575,490.0,274.0,676.0,1457.0,518.0,888,437.0,363.0,550,844.0,277,465.0,448.0,1302.0,865.0,753,339.0,844.0,423,535.0,858.0,505.0,585.0,110.0,399.0,378.0,1450.0,817.0,,,,
1983,9,1983-09-01,312,353.0,308.0,332.0,162.0,403.0,347,322.0,320.0,173,494.0,210,255.0,244.0,105.0,281.0,199,258.0,435.0,253,351.0,536.0,149.0,209.0,181.0,319.0,224.0,350.0,532.0,,,,
1983,10,1983-10-01,192,400.0,378.0,401.0,390.0,221.0,379,253.0,177.0,375,440.0,157,152.0,276.0,81.0,453.0,275,281.0,529.0,290,124.0,278.0,358.0,192.0,301.0,156.0,147.0,766.0,290.0,,,,
1983,11,1983-11-01,48,41.0,5.0,56.0,57.0,17.0,290,0.0,0.0,0,59.0,7,0.0,6.0,5.0,0.0,166,0.0,65.0,4,3.0,0.0,0.0,29.0,12.0,41.0,0.0,91.0,208.0,,,,
1983,12,1983-12-01,19,32.0,26.0,37.0,52.0,16.0,44,18.0,32.0,20,29.0,22,14.0,6.0,7.0,11.0,37,28.0,17.0,5,48.0,20.0,24.0,31.0,20.0,38.0,6.0,0.0,30.0,,,,
1984,1,1984-01-01,16,9.0,11.0,25.0,1.0,12.0,3,13.0,46.0,5,13.0,11,51.0,32.0,0.0,13.0,13,28.0,0.0,41,0.0,8.0,31.0,11.0,19.0,10.0,20.0,0.0,8.0,,,,
1984,2,1984-02-01,0,0.0,16.0,0.0,0.0,5.0,0,1.0,3.0,0,0.0,0,1.0,1.0,0.0,0.0,0,4.0,0.0,1,0.0,4.0,1.0,0.0,0.0,0.0,0.0,0.0,0.0,,,,
1984,3,1984-03-01,1,0.0,6.0,1.0,0.0,0.0,0,5.0,13.0,54,0.0,0,0.0,0.0,0.0,15.0,0,17.0,0.0,0,12.0,54.0,0.0,0.0,3.0,0.0,0.0,0.0,0.0,,,,
1984,4,1984-04-01,102,130.0,48.0,32.0,125.0,98.0,66,124.0,28.0,78,202.0,101,18.0,97.0,0.0,28.0,45,116.0,180.0,102,80.0,296.0,10.0,82.0,48.0,95.0,99.0,177.0,90.0,,,,
1984,5,1984-05-01,283,230.0,388.0,620.0,428.0,635.0,329,707.0,311.0,473,306.0,191,305.0,227.0,657.0,476.0,625,545.0,363.0,126,1116.0,900.0,94.0,204.0,563.0,200.0,207.0,585.0,198.0,,,,
1984,6,1984-06-01,1025,919.0,539.0,1351.0,595.0,428.0,1275,637.0,457.0,822,698.0,450,822.0,783.0,957.0,512.0,449,989.0,747.0,656,409.0,596.0,325.0,669.0,436.0,803.0,765.0,638.0,1517.0,,,,
1984,7,1984-07-01,448,445.0,431.0,533.0,802.0,391.0,731,694.0,470.0,337,608.0,316,247.0,300.0,1390.0,689.0,345,812.0,852.0,325,213.0,820.0,294.0,417.0,1292.0,498.0,520.0,1399.0,971.0,,,,
1984,8,1984-08-01,431,464.0,272.0,734.0,326.0,449.0,817,311.0,270.0,288,546.0,253,365.0,486.0,1223.0,257.0,371,376.0,237.0,351,362.0,336.0,321.0,632.0,381.0,683.0,812.0,513.0,973.0,,,,
1984,9,1984-09-01,224,297.0,404.0,349.0,175.0,233.0,280,478.0,498.0,313,413.0,272,168.0,159.0,440.0,468.0,200,684.0,43.0,178,393.0,801.0,297.0,182.0,400.0,195.0,214.0,450.0,240.0,,,,
1984,10,1984-10-01,118,144.0,186.0,120.0,122.0,186.0,127,58.0,65.0,139,336.0,104,54.0,80.0,132.0,221.0,82,172.0,207.0,72,153.0,300.0,202.0,174.0,155.0,63.0,133.0,238.0,109.0,,,,
1984,11,1984-11-01,0,0.0,0.0,0.0,0.0,0.0,0,0.0,0.0,35,0.0,0,0.0,0.0,0.0,0.0,0,0.0,0.0,0,5.0,23.0,0.0,0.0,0.0,0.0,0.0,0.0,0.0,,,,
1984,12,1984-12-01,1,0.0,2.0,7.0,2.0,2.0,4,0.0,4.0,0,0.0,0,0.0,6.0,0.0,0.0,1,5.0,9.0,1,2.0,48.0,0.0,2.0,18.0,0.0,20.0,0.0,0.0,,,,
1985,1,1985-01-01,1,3.0,0.0,1.0,17.0,3.0,6,8.0,0.0,2,3.0,2,46.0,9.0,0.0,9.0,1,0.0,1.0,12,5.0,0.0,4.0,3.0,3.0,2.0,2.0,4.0,8.0,0.0,,,
1985,2,1985-02-01,2,3.0,4.0,0.0,6.0,6.0,1,1.0,5.0,2,2.0,0,4.0,6.0,0.0,37.0,0,33.0,1.0,6,46.0,27.0,7.0,31.0,5.0,25.0,0.0,2.0,4.0,0.0,,,
1985,3,1985-03-01,45,67.0,1.0,371.0,88.0,75.0,13,195.0,1.0,134,68.0,19,50.0,30.0,64.0,2.0,56,44.0,89.0,38,91.0,208.0,3.0,49.0,105.0,26.0,41.0,81.0,11.0,31.0,,,
1985,4,1985-04-01,64,80.0,54.0,119.0,143.0,151.0,68,176.0,17.0,175,123.0,35,2.0,35.0,36.0,190.0,35,237.0,156.0,75,0.0,541.0,71.0,19.0,133.0,16.0,32.0,56.0,25.0,199.0,,,
1985,5,1985-05-01,226,438.0,272.0,515.0,511.0,301.0,474,300.0,146.0,208,319.0,155,179.0,158.0,367.0,260.0,183,352.0,426.0,146,0.0,368.0,190.0,295.0,340.0,320.0,186.0,460.0,325.0,399.0,,,
1985,6,1985-06-01,322,326.0,459.0,324.0,517.0,264.0,652,399.0,551.0,219,703.0,212,318.0,308.0,525.0,94.0,413,569.0,792.0,291,0.0,1083.0,232.0,361.0,713.0,537.0,801.0,471.0,803.0,421.0,,,
1985,7,1985-07-01,291,298.0,235.0,341.0,1031.0,208.0,807,262.0,484.0,217,699.0,220,251.0,161.0,548.0,251.0,506,770.0,916.0,208,136.0,670.0,274.0,392.0,635.0,558.0,376.0,765.0,983.0,808.0,,,
1985,8,1985-08-01,308,287.0,164.0,437.0,469.0,345.0,530,317.0,278.0,214,627.0,182,300.0,344.0,780.0,250.0,422,331.0,799.0,314,214.0,382.0,146.0,346.0,650.0,340.0,498.0,443.0,1093.0,489.0,,,
1985,9,1985-09-01,180,238.0,365.0,536.0,143.0,266.0,259,306.0,326.0,255,169.0,221,237.0,143.0,339.0,357.0,103,398.0,258.0,271,351.0,596.0,233.0,216.0,261.0,395.0,314.0,162.0,351.0,195.0,,,
1985,10,1985-10-01,198,52.0,135.0,18.0,47.0,22.0,61,79.0,282.0,56,33.0,132,189.0,136.0,49.0,104.0,35,127.0,104.0,143,50.0,114.0,77.0,80.0,23.0,127.0,140.0,83.0,137.0,51.0,,,
1985,11,1985-11-01,8,24.0,2.0,0.0,198.0,0.0,350,0.0,0.0,0,69.0,0,0.0,12.0,9.0,0.0,93,0.0,104.0,0,0.0,0.0,3.0,38.0,5.0,19.0,0.0,88.0,268.0,188.0,,,
1985,12,1985-12-01,0,0.0,2.0,0.0,2.0,0.0,0,10.0,7.0,0,2.0,0,0.0,0.0,0.0,5.0,6,21.0,0.0,0,0.0,22.0,12.0,0.0,1.0,0.0,0.0,18.0,0.0,0.0,,,
1986,1,1986-01-01,6,10.0,3.0,6.0,2.0,5.0,0,22.0,0.0,3,2.0,3,9.0,8.0,8.0,0.0,0,0.0,12.0,13,3.0,4.0,3.0,3.0,11.0,3.0,0.0,3.0,0.0,0.0,,,
1986,2,1986-02-01,0,0.0,4.0,0.0,0.0,0.0,0,0.0,0.0,0,0.0,10,0.0,0.0,0.0,4.0,0,0.0,0.0,0,2.0,2.0,12.0,0.0,18.0,0.0,0.0,1.0,0.0,0.0,,,
1986,3,1986-03-01,7,1.0,0.0,14.0,0.0,2.0,0,23.0,0.0,4,4.0,5,1.0,1.0,32.0,0.0,0,2.0,3.0,8,20.0,41.0,19.0,6.0,0.0,0.0,10.0,7.0,0.0,0.0,,,
1986,4,1986-04-01,102,202.0,128.0,123.0,145.0,231.0,51,247.0,65.0,220,195.0,53,73.0,147.0,163.0,402.0,208,106.0,156.0,36,525.0,380.0,93.0,57.0,223.0,46.0,204.0,212.0,49.0,58.0,,,
1986,5,1986-05-01,181,308.0,210.0,157.0,177.0,242.0,141,191.0,178.0,189,123.0,78,174.0,251.0,358.0,195.0,93,265.0,188.0,175,196.0,225.0,81.0,170.0,242.0,220.0,436.0,291.0,70.0,128.0,,,
1986,6,1986-06-01,254,288.0,163.0,226.0,820.0,165.0,921,304.0,203.0,228,564.0,138,319.0,239.0,615.0,285.0,341,383.0,599.0,257,406.0,449.0,175.0,231.0,337.0,396.0,233.0,629.0,1283.0,842.0,,,
1986,7,1986-07-01,381,458.0,446.0,399.0,894.0,389.0,799,443.0,500.0,357,625.0,372,362.0,390.0,635.0,673.0,782,452.0,785.0,370,215.0,646.0,262.0,560.0,701.0,608.0,676.0,773.0,896.0,793.0,,,
1986,8,1986-08-01,252,386.0,225.0,283.0,311.0,244.0,328,171.0,329.0,209,357.0,198,181.0,215.0,397.0,270.0,469,283.0,406.0,259,278.0,586.0,238.0,198.0,469.0,246.0,466.0,365.0,670.0,329.0,,,
1986,9,1986-09-01,526,563.0,462.0,478.0,139.0,369.0,322,687.0,267.0,831,370.0,438,606.0,843.0,508.0,665.0,283,518.0,535.0,685,281.0,494.0,406.0,827.0,487.0,730.0,655.0,244.0,284.0,225.0,,,
1986,10,1986-10-01,135,159.0,467.0,186.0,200.0,208.0,233,237.0,365.0,127,135.0,165,228.0,168.0,80.0,377.0,115,196.0,119.0,209,411.0,454.0,190.0,181.0,181.0,147.0,182.0,179.0,268.0,220.0,,,
1986,11,1986-11-01,274,236.0,19.0,197.0,122.0,137.0,114,172.0,0.0,149,251.0,29,159.0,152.0,184.0,86.0,145,27.0,194.0,181,191.0,106.0,27.0,293.0,104.0,267.0,3.0,165.0,169.0,117.0,,,
1986,12,1986-12-01,1,0.0,13.0,0.0,0.0,0.0,0,3.0,37.0,2,0.0,0,6.0,1.0,0.0,14.0,0,32.0,0.0,2,0.0,3.0,4.0,0.0,0.0,6.0,0.0,0.0,0.0,0.0,,,
1987,1,1987-01-01,4,1.0,0.0,0.0,3.0,0.0,1,4.0,1.0,0,0.0,2,1.0,2.0,1.0,3.0,3,0.0,0.0,2,9.0,2.0,0.0,1.0,3.0,0.0,2.0,8.0,0.0,4.0,0.0,,
1987,2,1987-02-01,3,0.0,3.0,0.0,20.0,0.0,60,0.0,38.0,8,7.0,0,0.0,3.0,0.0,0.0,36,20.0,0.0,5,2.0,29.0,4.0,0.0,1.0,2.0,1.0,10.0,27.0,25.0,18.0,,
1987,3,1987-03-01,8,20.0,17.0,58.0,80.0,45.0,9,33.0,70.0,38,12.0,25,58.0,55.0,80.0,20.0,96,84.0,35.0,15,65.0,184.0,12.0,11.0,62.0,153.0,85.0,49.0,14.0,10.0,0.0,,
1987,4,1987-04-01,150,214.0,132.0,245.0,287.0,212.0,194,230.0,134.0,105,238.0,61,97.0,134.0,350.0,136.0,394,57.0,289.0,125,319.0,402.0,76.0,282.0,395.0,187.0,138.0,294.0,78.0,152.0,302.0,,
1987,5,1987-05-01,96,139.0,178.0,105.0,63.0,117.0,50,109.0,116.0,157,118.0,133,120.0,113.0,110.0,258.0,99,155.0,98.0,91,169.0,222.0,102.0,151.0,165.0,132.0,160.0,103.0,17.0,47.0,108.0,,
1987,6,1987-06-01,185,168.0,271.0,81.0,348.0,149.0,483,316.0,277.0,384,179.0,84,327.0,315.0,222.0,379.0,331,485.0,366.0,155,272.0,851.0,160.0,459.0,265.0,325.0,338.0,412.0,504.0,751.0,85.0,,
1987,7,1987-07-01,568,660.0,525.0,750.0,1206.0,429.0,1885,526.0,1196.0,352,1119.0,413,321.0,517.0,1297.0,403.0,630,1314.0,1141.0,375,359.0,1038.0,488.0,621.0,937.0,748.0,555.0,1225.0,1294.0,1247.0,356.0,,
1987,8,1987-08-01,683,893.0,623.0,579.0,673.0,350.0,1298,462.0,798.0,409,699.0,643,768.0,498.0,816.0,512.0,816,557.0,664.0,475,449.0,860.0,400.0,687.0,820.0,798.0,598.0,656.0,986.0,746.0,394.0,,
1987,9,1987-09-01,302,182.0,145.0,231.0,429.0,354.0,410,363.0,430.0,456,402.0,243,196.0,189.0,585.0,385.0,435,353.0,621.0,328,220.0,922.0,193.0,186.0,550.0,320.0,157.0,694.0,684.0,495.0,289.0,,
1987,10,1987-10-01,93,53.0,31.0,155.0,35.0,156.0,88,104.0,112.0,47,49.0,19,136.0,41.0,45.0,95.0,40,216.0,73.0,34,134.0,157.0,43.0,101.0,44.0,120.0,153.0,70.0,48.0,42.0,66.0,,
1987,11,1987-11-01,37,20.0,19.0,27.0,49.0,58.0,102,7.0,7.0,14,37.0,3,5.0,48.0,34.0,17.0,100,6.0,56.0,9,38.0,41.0,5.0,100.0,41.0,43.0,50.0,159.0,177.0,114.0,24.0,,
1987,12,1987-12-01,0,28.0,3.0,7.0,17.0,13.0,13,33.0,0.0,23,9.0,9,10.0,7.0,15.0,1.0,14,0.0,22.0,2,10.0,14.0,4.0,5.0,14.0,14.0,9.0,10.0,0.0,7.0,30.0,,
1988,1,1988-01-01,0,0.0,0.0,0.0,0.0,0.0,0,0.0,1.0,0,0.0,0,0.0,0.0,0.0,0.0,0,0.0,0.0,0,0.0,0.0,1.0,0.0,0.0,0.0,0.0,0.0,0.0,0.0,2.0,,
1988,2,1988-02-01,22,48.0,29.0,50.0,11.0,17.0,1,44.0,10.0,34,17.0,32,27.0,50.0,50.0,45.0,15,33.0,26.0,46,40.0,29.0,30.0,19.0,32.0,79.0,59.0,4.0,43.0,61.0,54.0,,
1988,3,1988-03-01,65,68.0,63.0,70.0,35.0,33.0,13,74.0,17.0,98,67.0,65,93.0,18.0,77.0,115.0,79,37.0,22.0,45,208.0,133.0,36.0,8.0,4.0,4.0,70.0,37.0,0.0,26.0,31.0,,
1988,4,1988-04-01,96,75.0,87.0,161.0,182.0,10.0,167,282.0,108.0,133,98.0,30,148.0,53.0,152.0,94.0,166,165.0,166.0,69,170.0,332.0,107.0,37.0,150.0,43.0,130.0,233.0,116.0,96.0,97.0,,
1988,5,1988-05-01,393,381.0,349.0,342.0,433.0,470.0,337,513.0,170.0,511,474.0,313,297.0,305.0,402.0,734.0,355,285.0,397.0,227,670.0,1129.0,139.0,330.0,470.0,307.0,437.0,364.0,223.0,371.0,334.0,,
1988,6,1988-06-01,565,706.0,756.0,382.0,643.0,379.0,1306,580.0,347.0,468,850.0,313,543.0,599.0,564.0,587.0,760,369.0,799.0,688,435.0,959.0,404.0,898.0,383.0,0.0,496.0,593.0,1042.0,771.0,589.0,,
1988,7,1988-07-01,422,417.0,486.0,305.0,632.0,415.0,777,255.0,401.0,241,747.0,292,257.0,326.0,519.0,586.0,679,451.0,782.0,262,444.0,738.0,301.0,663.0,727.0,614.0,264.0,791.0,1032.0,518.0,413.0,,
1988,8,1988-08-01,459,457.0,235.0,307.0,413.0,423.0,918,169.0,848.0,243,582.0,187,307.0,302.0,623.0,411.0,567,633.0,682.0,327,468.0,1157.0,356.0,421.0,744.0,603.0,242.0,783.0,927.0,508.0,177.0,,
1988,9,1988-09-01,228,258.0,292.0,140.0,329.0,216.0,516,196.0,200.0,128,502.0,159,113.0,67.0,469.0,309.0,236,496.0,619.0,174,278.0,772.0,89.0,266.0,538.0,389.0,81.0,440.0,325.0,552.0,155.0,,
1988,10,1988-10-01,101,149.0,43.0,123.0,342.0,227.0,182,213.0,106.0,169,156.0,82,91.0,95.0,170.0,195.0,234,19.0,221.0,19,185.0,169.0,94.0,164.0,225.0,167.0,135.0,345.0,220.0,213.0,122.0,,
1988,11,1988-11-01,113,89.0,92.0,74.0,72.0,59.0,83,153.0,13.0,148,68.0,73,99.0,140.0,54.0,120.0,23,35.0,73.0,106,143.0,122.0,27.0,167.0,87.0,132.0,124.0,117.0,15.0,106.0,121.0,,
1988,12,1988-12-01,0,0.0,1.0,0.0,1.0,0.0,77,3.0,0.0,10,0.0,2,1.0,0.0,0.0,13.0,17,1.0,0.0,0,14.0,80.0,0.0,0.0,0.0,0.0,3.0,0.0,73.0,13.0,45.0,,
1989,1,1989-01-01,0,0.0,0.0,0.0,0.0,0.0,0,0.0,22.0,0,0.0,0,0.0,0.0,0.0,6.0,0,7.0,0.0,1,0.0,6.0,4.0,0.0,0.0,0.0,0.0,0.0,0.0,0.0,0.0,,
1989,2,1989-02-01,14,13.0,16.0,0.0,2.0,18.0,6,32.0,8.0,5,0.0,41,2.0,8.0,20.0,17.0,11,18.0,11.0,0,18.0,33.0,8.0,1.0,23.0,2.0,31.0,7.0,0.0,0.0,63.0,,
1989,3,1989-03-01,1,0.0,2.0,4.0,0.0,18.0,0,0.0,1.0,5,20.0,1,1.0,2.0,39.0,2.0,0,2.0,14.0,3,29.0,11.0,5.0,1.0,15.0,1.0,2.0,3.0,0.0,0.0,1.0,,
1989,4,1989-04-01,89,67.0,0.0,40.0,220.0,70.0,160,85.0,0.0,124,179.0,0,39.0,54.0,96.0,23.0,240,0.0,217.0,52,99.0,312.0,2.0,55.0,126.0,100.0,98.0,170.0,132.0,80.0,102.0,,
1989,5,1989-05-01,164,128.0,130.0,111.0,82.0,183.0,83,228.0,408.0,263,111.0,236,198.0,185.0,188.0,267.0,163,335.0,143.0,240,244.0,543.0,224.0,239.0,225.0,161.0,173.0,114.0,35.0,115.0,329.0,,
1989,6,1989-06-01,206,540.0,253.0,304.0,277.0,342.0,766,319.0,253.0,242,500.0,65,164.0,257.0,333.0,340.0,210,219.0,625.0,236,369.0,870.0,190.0,316.0,597.0,207.0,258.0,308.0,927.0,450.0,150.0,,
1989,6,1989-06-01,206,540.0,253.0,304.0,277.0,342.0,766,319.0,253.0,242,500.0,65,164.0,257.0,333.0,340.0,210,219.0,625.0,236,369.0,870.0,190.0,316.0,597.0,207.0,258.0,308.0,927.0,450.0,150.0,,
1989,7,1989-07-01,453,385.0,594.0,282.0,1173.0,332.0,865,347.0,412.0,243,617.0,608,255.0,239.0,703.0,752.0,820,719.0,450.0,266,402.0,1342.0,357.0,360.0,1048.0,581.0,283.0,640.0,962.0,725.0,381.0,,
1989,8,1989-08-01,203,180.0,111.0,211.0,66.0,77.0,182,59.0,232.0,92,234.0,109,88.0,80.0,162.0,171.0,176,110.0,88.0,177,274.0,665.0,117.0,251.0,115.0,189.0,133.0,81.0,829.0,66.0,55.0,,
1989,9,1989-09-01,413,378.0,273.0,232.0,360.0,239.0,460,305.0,493.0,277,329.0,174,168.0,246.0,547.0,406.0,413,414.0,572.0,201,345.0,1081.0,332.0,362.0,336.0,445.0,287.0,386.0,673.0,479.0,274.0,,
1989,10,1989-10-01,451,251.0,30.0,317.0,404.0,160.0,516,240.0,82.0,178,438.0,85,192.0,330.0,433.0,284.0,563,48.0,674.0,194,191.0,524.0,78.0,260.0,633.0,552.0,30.0,826.0,437.0,496.0,217.0,,
1989,11,1989-11-01,0,0.0,0.0,0.0,14.0,0.0,28,0.0,0.0,0,0.0,0,0.0,0.0,0.0,0.0,40,4.0,0.0,0,16.0,34.0,0.0,1.0,2.0,0.0,9.0,3.0,59.0,16.0,0.0,,
1989,12,1989-12-01,0,0.0,4.0,3.0,0.0,0.0,0,12.0,2.0,9,0.0,3,10.0,1.0,0.0,,0,2.0,0.0,0,2.0,1.0,8.0,1.0,0.0,0.0,0.0,0.0,0.0,0.0,7.0,,
1990,1,1990-01-01,0,0.0,0.0,0.0,0.0,0.0,0,0.0,0.0,0,0.0,0,0.0,0.0,0.0,0.0,0,1.0,0.0,0,0.0,2.0,0.0,0.0,0.0,0.0,0.0,0.0,0.0,0.0,0.0,,
1990,2,1990-02-01,79,84.0,27.0,36.0,39.0,21.0,69,36.0,6.0,36,69.0,70,54.0,62.0,83.0,83.0,22,57.0,54.0,47,20.0,45.0,34.0,100.0,31.0,121.0,66.0,55.0,4.0,56.0,30.0,,
1990,3,1990-03-01,182,155.0,24.0,111.0,53.0,179.0,174,151.0,41.0,227,198.0,128,173.0,212.0,266.0,67.0,115,82.0,196.0,150,185.0,176.0,46.0,161.0,287.0,139.0,217.0,273.0,1.0,191.0,95.0,,
1990,4,1990-04-01,139,118.0,41.0,163.0,250.0,228.0,135,154.0,159.0,156,209.0,157,25.0,58.0,235.0,116.0,336,134.0,213.0,25,253.0,574.0,97.0,132.0,213.0,99.0,156.0,300.0,72.0,60.0,223.0,,
1990,5,1990-05-01,352,249.0,292.0,189.0,205.0,331.0,261,202.0,245.0,315,323.0,207,162.0,261.0,429.0,390.0,365,354.0,255.0,176,494.0,546.0,301.0,292.0,485.0,284.0,214.0,245.0,203.0,206.0,128.0,,
1990,6,1990-06-01,386,358.0,378.0,311.0,668.0,333.0,1201,229.0,355.0,289,466.0,277,335.0,261.0,651.0,529.0,388,393.0,561.0,212,356.0,551.0,263.0,306.0,545.0,317.0,253.0,654.0,1279.0,995.0,224.0,,
1990,7,1990-07-01,457,370.0,499.0,421.0,1038.0,303.0,1211,567.0,479.0,405,281.0,422,369.0,436.0,752.0,477.0,659,306.0,1007.0,528,203.0,596.0,464.0,602.0,972.0,1049.0,457.0,1131.0,946.0,1340.0,327.0,,
1990,8,1990-08-01,299,287.0,265.0,177.0,115.0,252.0,277,227.0,251.0,145,0.0,235,137.0,206.0,522.0,237.0,176,396.0,359.0,279,345.0,582.0,238.0,220.0,543.0,299.0,176.0,203.0,575.0,137.0,236.0,,
1990,9,1990-09-01,190,199.0,320.0,208.0,141.0,227.0,272,247.0,352.0,192,0.0,481,196.0,205.0,239.0,319.0,197,439.0,412.0,292,359.0,1023.0,180.0,536.0,271.0,503.0,264.0,268.0,293.0,167.0,156.0,,
1990,10,1990-10-01,194,322.0,227.0,263.0,233.0,239.0,294,181.0,193.0,168,0.0,88,99.0,156.0,359.0,213.0,129,325.0,462.0,168,235.0,216.0,127.0,318.0,393.0,262.0,210.0,729.0,107.0,250.0,120.0,,
1990,11,1990-11-01,70,83.0,4.0,55.0,74.0,71.0,255,103.0,0.0,48,88.0,34,126.0,77.0,99.0,7.0,91,0.0,47.0,44,54.0,40.0,17.0,81.0,178.0,98.0,105.0,75.0,101.0,139.0,39.0,,
1990,12,1990-12-01,30,35.0,0.0,22.0,36.0,27.0,19,6.0,0.0,4,78.0,0,10.0,4.0,49.0,1.0,54,0.0,48.0,7,7.0,3.0,0.0,28.0,62.0,40.0,9.0,52.0,15.0,41.0,2.0,,
1991,1,1991-01-01,10,17.0,4.0,7.0,19.0,11.0,4,27.0,27.0,27,7.0,2,24.0,10.0,17.0,2.0,9,38.0,0.0,34,17.0,10.0,6.0,3.0,4.0,8.0,11.0,0.0,0.0,34.0,13.0,29.0,
1991,2,1991-02-01,14,40.0,14.0,23.0,0.0,50.0,0,8.0,4.0,58,3.0,9,10.0,54.0,66.0,15.0,5,1.0,4.0,47,74.0,55.0,0.0,4.0,77.0,0.0,17.0,23.0,0.0,0.0,20.0,29.0,
1991,3,1991-03-01,38,37.0,8.0,109.0,43.0,229.0,22,46.0,1.0,59,6.0,28,31.0,36.0,13.0,44.0,19,1.0,6.0,50,29.0,60.0,19.0,55.0,59.0,3.0,60.0,19.0,0.0,1.0,76.0,20.0,
1991,4,1991-04-01,53,164.0,48.0,150.0,0.0,270.0,175,53.0,18.0,103,230.0,42,54.0,38.0,199.0,77.0,174,41.0,0.0,67,227.0,405.0,25.0,190.0,213.0,199.0,103.0,92.0,94.0,147.0,59.0,88.0,
1991,5,1991-05-01,191,162.0,416.0,376.0,371.0,439.0,210,529.0,400.0,265,367.0,173,186.0,100.0,339.0,679.0,578,302.0,219.0,28,831.0,1063.0,157.0,112.0,651.0,117.0,307.0,331.0,28.0,5.0,416.0,91.0,
1991,6,1991-06-01,562,745.0,240.0,419.0,774.0,331.0,1297,320.0,376.0,337,781.0,360,407.0,421.0,807.0,603.0,618,593.0,861.0,518,382.0,1203.0,211.0,680.0,770.0,817.0,541.0,766.0,1252.0,948.0,398.0,419.0,
1991,7,1991-07-01,356,390.0,404.0,252.0,818.0,394.0,878,318.0,184.0,306,581.0,248,220.0,229.0,626.0,322.0,474,162.0,701.0,342,184.0,351.0,286.0,472.0,753.0,569.0,337.0,685.0,1391.0,664.0,430.0,395.0,
1991,8,1991-08-01,369,396.0,207.0,320.0,357.0,409.0,782,345.0,282.0,186,519.0,189,543.0,318.0,508.0,238.0,606,264.0,431.0,324,215.0,437.0,96.0,439.0,494.0,512.0,501.0,318.0,1422.0,771.0,169.0,298.0,
1991,9,1991-09-01,232,361.0,733.0,531.0,360.0,377.0,497,692.0,647.0,360,444.0,424,216.0,342.0,441.0,735.0,335,726.0,553.0,213,420.0,781.0,484.0,409.0,739.0,231.0,233.0,615.0,434.0,395.0,700.0,323.0,
1991,10,1991-10-01,497,412.0,105.0,284.0,211.0,240.0,211,392.0,29.0,350,373.0,141,285.0,161.0,428.0,520.0,103,106.0,103.0,103,245.0,173.0,122.0,295.0,420.0,566.0,346.0,161.0,408.0,224.0,376.0,259.0,
1991,11,1991-11-01,54,3.0,0.0,6.0,99.0,50.0,88,14.0,0.0,1,23.0,2,0.0,4.0,45.0,0.0,88,2.0,78.0,5,41.0,3.0,0.0,3.0,41.0,12.0,15.0,131.0,104.0,126.0,1.0,4.0,
1991,12,1991-12-01,16,17.0,112.0,13.0,13.0,114.0,13,106.0,44.0,104,28.0,79,76.0,47.0,16.0,77.0,14,27.0,12.0,37,163.0,79.0,92.0,19.0,10.0,49.0,40.0,15.0,0.0,0.0,90.0,2.0,
1992,1,1992-01-01,4,1.0,0.0,0.0,0.0,0.0,1,1.0,6.0,4,0.0,0,27.0,13.0,0.0,6.0,0,13.0,0.0,9,0.0,0.0,1.0,2.0,0.0,2.0,4.0,0.0,0.0,0.0,0.0,8.0,
1992,2,1992-02-01,98,126.0,14.0,96.0,119.0,63.0,45,47.0,6.0,61,130.0,40,77.0,203.0,90.0,36.0,93,10.0,61.0,115,40.0,55.0,33.0,100.0,90.0,126.0,87.0,97.0,71.0,138.0,49.0,108.0,
1992,3,1992-03-01,0,0.0,0.0,0.0,0.0,0.0,0,0.0,1.0,0,0.0,0,0.0,0.0,2.0,0.0,4,0.0,1.0,0,33.0,172.0,0.0,0.0,0.0,0.0,1.0,0.0,0.0,0.0,0.0,0.0,
1992,4,1992-04-01,1,0.0,30.0,20.0,1.0,10.0,1,25.0,5.0,5,0.0,18,1.0,2.0,0.0,20.0,31,89.0,4.0,8,117.0,129.0,16.0,8.0,0.0,60.0,0.0,1.0,0.0,13.0,10.0,4.0,
1992,5,1992-05-01,205,208.0,140.0,147.0,127.0,154.0,149,153.0,87.0,216,232.0,132,223.0,192.0,240.0,156.0,137,245.0,192.0,134,354.0,544.0,121.0,209.0,229.0,226.0,188.0,145.0,242.0,176.0,181.0,118.0,
1992,6,1992-06-01,190,275.0,202.0,178.0,571.0,298.0,767,132.0,212.0,238,351.0,73,303.0,157.0,268.0,270.0,428,348.0,473.0,208,238.0,666.0,85.0,282.0,299.0,360.0,242.0,506.0,807.0,1074.0,333.0,174.0,
1992,7,1992-07-01,299,363.0,289.0,332.0,412.0,259.0,824,386.0,535.0,387,776.0,252,307.0,254.0,515.0,380.0,341,248.0,491.0,407,245.0,901.0,244.0,560.0,384.0,480.0,315.0,358.0,1018.0,705.0,205.0,350.0,
1992,8,1992-08-01,326,211.0,159.0,331.0,280.0,128.0,451,182.0,228.0,209,501.0,207,152.0,198.0,457.0,155.0,239,367.0,681.0,284,345.0,374.0,185.0,482.0,221.0,363.0,297.0,392.0,704.0,198.0,268.0,243.0,
1992,9,1992-09-01,210,280.0,424.0,146.0,292.0,128.0,328,158.0,483.0,95,560.0,295,204.0,111.0,272.0,318.0,274,552.0,584.0,247,188.0,459.0,124.0,393.0,317.0,417.0,175.0,320.0,320.0,207.0,472.0,170.0,
1992,10,1992-10-01,98,144.0,108.0,81.0,435.0,197.0,237,83.0,76.0,121,191.0,38,36.0,88.0,182.0,241.0,154,129.0,332.0,95,179.0,203.0,29.0,244.0,190.0,315.0,96.0,480.0,406.0,322.0,43.0,55.0,
1992,11,1992-11-01,8,0.0,3.0,1.0,4.0,2.0,99,2.0,6.0,0,0.0,5,3.0,0.0,5.0,1.0,12,4.0,41.0,1,1.0,3.0,5.0,3.0,17.0,4.0,2.0,1.0,58.0,36.0,3.0,2.0,
1992,12,1992-12-01,0,1.0,0.0,0.0,34.0,1.0,6,0.0,4.0,0,22.0,3,0.0,0.0,5.0,1.0,15,2.0,21.0,0,1.0,0.0,0.0,1.0,1.0,6.0,0.0,10.0,5.0,19.0,0.0,0.0,
1993,1,1993-01-01,1,0.0,65.0,0.0,9.0,1.0,34,0.0,42.0,0,2.0,2,0.0,70.0,1.0,69.0,0,49.0,20.0,17,2.0,35.0,0.0,24.0,0.0,9.0,0.0,1.0,1.0,51.0,3.0,9.0,
1993,2,1993-02-01,35,44.0,8.0,108.0,71.0,129.0,86,52.0,0.0,57,29.0,6,33.0,52.0,77.0,13.0,151,0.0,127.0,57,83.0,149.0,5.0,27.0,146.0,33.0,29.0,92.0,85.0,82.0,16.0,21.0,
1993,3,1993-03-01,235,236.0,14.0,142.0,223.0,81.0,98,88.0,29.0,48,275.0,53,115.0,127.0,380.0,44.0,201,30.0,293.0,57,50.0,96.0,55.0,143.0,183.0,362.0,127.0,246.0,94.0,135.0,46.0,167.0,
1993,4,1993-04-01,216,116.0,58.0,110.0,100.0,174.0,96,113.0,82.0,179,64.0,120,147.0,69.0,128.0,183.0,139,62.0,106.0,71,143.0,261.0,70.0,148.0,383.0,88.0,133.0,145.0,49.0,91.0,150.0,72.0,
1993,5,1993-05-01,393,315.0,268.0,317.0,667.0,642.0,508,556.0,308.0,154,0.0,213,132.0,211.0,496.0,350.0,475,190.0,463.0,203,363.0,587.0,65.0,223.0,525.0,223.0,345.0,743.0,526.0,312.0,390.0,186.0,
1993,6,1993-06-01,390,631.0,466.0,299.0,791.0,506.0,835,504.0,495.0,514,0.0,299,437.0,638.0,557.0,811.0,784,633.0,705.0,290,748.0,1099.0,477.0,563.0,656.0,635.0,370.0,654.0,1333.0,831.0,509.0,424.0,
1993,7,1993-07-01,410,473.0,432.0,414.0,437.0,540.0,677,421.0,218.0,223,0.0,248,327.0,288.0,502.0,512.0,959,499.0,604.0,251,478.0,1174.0,247.0,572.0,616.0,308.0,405.0,560.0,702.0,476.0,477.0,225.0,
1993,8,1993-08-01,493,480.0,266.0,448.0,638.0,287.0,736,432.0,565.0,352,0.0,189,213.0,290.0,732.0,478.0,730,572.0,669.0,235,369.0,471.0,177.0,671.0,784.0,493.0,331.0,737.0,1337.0,664.0,258.0,379.0,
1993,9,1993-09-01,238,219.0,240.0,259.0,273.0,245.0,248,417.0,361.0,409,29.0,358,336.0,196.0,332.0,524.0,278,358.0,309.0,430,338.0,702.0,316.0,363.0,358.0,276.0,359.0,291.0,350.0,245.0,513.0,243.0,
1993,10,1993-10-01,134,46.0,95.0,88.0,129.0,219.0,165,217.0,64.0,320,85.0,102,58.0,124.0,228.0,229.0,152,91.0,125.0,160,113.0,153.0,157.0,100.0,249.0,202.0,44.0,129.0,127.0,144.0,216.0,91.0,
1993,11,1993-11-01,21,33.0,2.0,7.0,14.0,40.0,39,19.0,15.0,0,11.0,22,4.0,14.0,8.0,0.0,9,26.0,1.0,29,30.0,2.0,54.0,45.0,12.0,25.0,41.0,7.0,2.0,52.0,1.0,36.0,
1993,12,1993-12-01,0,0.0,0.0,0.0,0.0,0.0,0,0.0,0.0,0,0.0,0,0.0,0.0,0.0,0.0,0,0.0,0.0,0,0.0,0.0,0.0,0.0,0.0,0.0,0.0,0.0,0.0,0.0,0.0,0.0,
1994,1,1994-01-01,4,2.0,14.0,8.0,7.0,10.0,5,13.0,23.0,11,0.0,24,10.0,1.0,8.0,8.0,5,16.0,4.0,10,11.0,23.0,18.0,3.0,2.0,1.0,12.0,12.0,0.0,9.0,22.0,4.0,
1994,2,1994-02-01,13,13.0,26.0,9.0,8.0,11.0,18,54.0,22.0,31,10.0,45,31.0,15.0,10.0,59.0,6,29.0,0.0,30,43.0,43.0,36.0,10.0,3.0,2.0,15.0,5.0,0.0,10.0,56.0,18.0,
1994,3,1994-03-01,92,110.0,4.0,85.0,194.0,124.0,239,115.0,0.0,44,49.0,3,1.0,0.0,133.0,123.0,153,28.0,211.0,9,244.0,514.0,5.0,92.0,56.0,100.0,95.0,246.0,121.0,327.0,79.0,40.0,
1994,4,1994-04-01,101,60.0,32.0,310.0,262.0,150.0,237,201.0,50.0,134,105.0,31,51.0,105.0,430.0,77.0,207,49.0,230.0,169,162.0,326.0,31.0,267.0,354.0,228.0,166.0,385.0,125.0,262.0,163.0,149.0,
1994,5,1994-05-01,178,230.0,156.0,178.0,208.0,185.0,309,254.0,146.0,197,152.0,155,175.0,115.0,109.0,202.0,96,212.0,213.0,108,234.0,342.0,115.0,122.0,178.0,177.0,306.0,202.0,364.0,227.0,406.0,139.0,
1994,6,1994-06-01,571,559.0,305.0,287.0,581.0,431.0,1022,266.0,294.0,258,644.0,336,365.0,239.0,980.0,251.0,243,427.0,833.0,300,186.0,584.0,237.0,706.0,534.0,671.0,399.0,504.0,1419.0,618.0,342.0,344.0,
1994,7,1994-07-01,202,328.0,165.0,169.0,380.0,116.0,768,153.0,148.0,246,555.0,111,225.0,210.0,397.0,227.0,316,202.0,405.0,426,237.0,757.0,171.0,400.0,228.0,457.0,262.0,316.0,1475.0,746.0,170.0,278.0,
1994,8,1994-08-01,378,355.0,208.0,383.0,397.0,245.0,520,246.0,122.0,248,379.0,150,253.0,217.0,634.0,323.0,266,97.0,487.0,326,365.0,573.0,206.0,701.0,357.0,494.0,204.0,533.0,1017.0,379.0,228.0,380.0,
1994,9,1994-09-01,144,87.0,268.0,98.0,100.0,91.0,265,169.0,248.0,107,0.0,99,83.0,160.0,199.0,202.0,198,135.0,428.0,164,159.0,227.0,171.0,158.0,230.0,109.0,174.0,232.0,350.0,172.0,137.0,123.0,
1994,10,1994-10-01,87,40.0,199.0,44.0,101.0,20.0,88,55.0,89.0,66,0.0,80,64.0,63.0,4.0,132.0,109,106.0,107.0,69,132.0,145.0,130.0,140.0,55.0,172.0,30.0,83.0,120.0,58.0,122.0,130.0,
1994,11,1994-11-01,7,5.0,5.0,1.0,20.0,1.0,32,14.0,0.0,2,0.0,2,2.0,5.0,10.0,0.0,12,0.0,6.0,4,9.0,4.0,22.0,13.0,6.0,28.0,0.0,6.0,70.0,23.0,20.0,3.0,
1994,12,1994-12-01,0,0.0,0.0,0.0,0.0,0.0,0,0.0,0.0,0,0.0,0,0.0,0.0,0.0,0.0,0,0.0,0.0,0,0.0,0.0,0.0,0.0,0.0,0.0,0.0,0.0,1.0,0.0,0.0,0.0,
1995,1,1995-01-01,1,1.0,16.0,2.0,0.0,0.0,0,8.0,3.0,7,,8,17.0,8.0,0.0,10.0,1,3.0,0.0,13,4.0,10.0,17.0,5.0,1.0,0.0,6.0,3.0,0.0,0.0,12.0,4.0,
1995,2,1995-02-01,62,52.0,18.0,25.0,12.0,29.0,3,31.0,12.0,8,,24,25.0,112.0,19.0,19.0,7,3.0,65.0,42,32.0,29.0,31.0,60.0,61.0,14.0,32.0,11.0,3.0,0.0,56.0,70.0,
1995,3,1995-03-01,6,5.0,14.0,0.0,18.0,12.0,8,0.0,10.0,0,,20,18.0,34.0,84.0,29.0,27,4.0,74.0,50,47.0,80.0,9.0,8.0,54.0,1.0,0.0,36.0,1.0,46.0,9.0,11.0,
1995,4,1995-04-01,12,50.0,0.0,51.0,51.0,114.0,24,88.0,0.0,45,,1,5.0,18.0,149.0,81.0,44,1.0,37.0,1,80.0,176.0,8.0,41.0,87.0,6.0,72.0,98.0,63.0,35.0,34.0,9.0,
1995,5,1995-05-01,144,173.0,111.0,177.0,268.0,318.0,401,264.0,54.0,281,,105,88.0,182.0,265.0,285.0,490,158.0,255.0,82,238.0,327.0,91.0,279.0,424.0,643.0,213.0,275.0,278.0,399.0,215.0,208.0,
1995,6,1995-06-01,657,531.0,462.0,352.0,359.0,329.0,565,237.0,287.0,395,,215,196.0,306.0,375.0,565.0,339,369.0,381.0,351,569.0,941.0,291.0,744.0,639.0,546.0,601.0,503.0,1123.0,583.0,350.0,304.0,
1995,7,1995-07-01,517,399.0,524.0,430.0,685.0,529.0,977,354.0,472.0,507,,224,279.0,356.0,737.0,682.0,607,568.0,620.0,440,300.0,874.0,287.0,682.0,620.0,784.0,346.0,572.0,1220.0,809.0,372.0,244.0,
1995,8,1995-08-01,342,281.0,438.0,488.0,546.0,452.0,559,360.0,593.0,366,,307,288.0,504.0,651.0,528.0,351,388.0,143.0,232,433.0,832.0,270.0,428.0,549.0,397.0,508.0,414.0,622.0,387.0,356.0,268.0,
1995,9,1995-09-01,208,304.0,477.0,239.0,129.0,124.0,463,205.0,1026.0,256,,345,270.0,278.0,491.0,230.0,171,804.0,186.0,336,214.0,423.0,370.0,317.0,319.0,338.0,225.0,182.0,563.0,286.0,246.0,302.0,
1995,10,1995-10-01,156,60.0,117.0,77.0,53.0,48.0,46,91.0,77.0,42,,8,95.0,86.0,63.0,115.0,146,51.0,148.0,57,116.0,79.0,13.0,244.0,33.0,273.0,87.0,85.0,47.0,70.0,109.0,148.0,
1995,11,1995-11-01,153,182.0,70.0,184.0,323.0,147.0,409,112.0,74.0,97,,70,113.0,162.0,238.0,101.0,220,109.0,325.0,161,80.0,102.0,44.0,251.0,222.0,508.0,99.0,280.0,365.0,433.0,92.0,229.0,
1995,12,1995-12-01,0,0.0,1.0,0.0,0.0,0.0,0,1.0,5.0,2,,3,3.0,0.0,0.0,0.0,0,3.0,0.0,0,0.0,0.0,1.0,0.0,0.0,0.0,0.0,0.0,0.0,0.0,1.0,0.0,
1996,1,1996-01-01,0,0.0,3.0,3.0,0.0,12.0,0,0.0,16.0,2,,0,39.0,1.0,0.0,0.0,10,13.0,0.0,5,0.0,2.0,0.0,3.0,3.0,0.0,4.0,2.0,0.0,0.0,0.0,2.0,
1996,2,1996-02-01,19,8.0,28.0,10.0,106.0,0.0,83,21.0,4.0,15,,25,20.0,17.0,21.0,14.0,17,0.0,44.0,30,38.0,76.0,21.0,20.0,10.0,32.0,27.0,20.0,88.0,33.0,55.0,22.0,
1996,3,1996-03-01,12,49.0,7.0,75.0,91.0,114.0,2,54.0,0.0,28,,17,22.0,1.0,66.0,18.0,251,0.0,21.0,11,135.0,257.0,4.0,4.0,267.0,5.0,36.0,193.0,0.0,53.0,2.0,24.0,
1996,4,1996-04-01,131,138.0,104.0,184.0,234.0,102.0,77,199.0,29.0,182,,104,90.0,64.0,148.0,42.0,87,39.0,105.0,119,109.0,252.0,73.0,188.0,109.0,67.0,160.0,134.0,83.0,49.0,174.0,47.0,
1996,5,1996-05-01,98,128.0,184.0,171.0,251.0,449.0,279,208.0,76.0,283,,81,146.0,117.0,278.0,171.0,440,232.0,289.0,103,212.0,759.0,95.0,150.0,247.0,174.0,237.0,294.0,261.0,184.0,240.0,119.0,
1996,6,1996-06-01,446,546.0,283.0,361.0,476.0,392.0,671,343.0,320.0,316,,295,350.0,453.0,489.0,210.0,455,396.0,451.0,357,427.0,518.0,284.0,739.0,506.0,621.0,406.0,497.0,649.0,684.0,224.0,453.0,
1996,7,1996-07-01,314,292.0,338.0,318.0,465.0,308.0,946,257.0,428.0,210,,155,271.0,223.0,651.0,291.0,479,479.0,430.0,152,508.0,745.0,106.0,448.0,541.0,684.0,231.0,401.0,1212.0,731.0,100.0,386.0,
1996,8,1996-08-01,322,401.0,185.0,204.0,584.0,146.0,702,361.0,353.0,447,,271,380.0,275.0,564.0,276.0,437,353.0,1087.0,224,167.0,745.0,270.0,585.0,628.0,899.0,251.0,668.0,866.0,751.0,247.0,357.0,
1996,9,1996-09-01,202,142.0,366.0,264.0,350.0,178.0,528,244.0,744.0,115,,269,195.0,70.0,215.0,307.0,379,333.0,406.0,242,238.0,379.0,298.0,217.0,202.0,178.0,224.0,313.0,458.0,455.0,208.0,133.0,
1996,10,1996-10-01,270,169.0,176.0,236.0,343.0,322.0,446,357.0,75.0,212,,183,257.0,242.0,362.0,291.0,246,159.0,447.0,332,171.0,281.0,118.0,291.0,298.0,401.0,214.0,382.0,687.0,543.0,226.0,274.0,
1996,11,1996-11-01,4,6.0,0.0,20.0,3.0,12.0,8,0.0,0.0,0,,0,5.0,8.0,56.0,0.0,72,0.0,27.0,0,0.0,0.0,0.0,57.0,0.0,0.0,57.0,60.0,18.0,14.0,0.0,1.0,
1996,12,1996-12-01,1,2.0,0.0,0.0,1.0,1.0,0,0.0,0.0,0,,0,0.0,0.0,2.0,0.0,4,0.0,0.0,0,0.0,0.0,0.0,0.0,5.0,0.0,0.0,0.0,0.0,0.0,0.0,0.0,
1997,1,1997-01-01,1,1.0,10.0,2.0,0.0,8.0,2,2.0,21.0,11,,4,9.0,10.0,1.0,1.0,1,19.0,1.0,19,2.0,1.0,8.0,1.0,0.0,1.0,5.0,0.0,0.0,0.0,0.0,2.0,
1997,2,1997-02-01,30,43.0,11.0,29.0,32.0,11.0,20,7.0,11.0,26,,43,39.0,22.0,24.0,12.0,14,14.0,23.0,35,19.0,27.0,35.0,45.0,24.0,72.0,14.0,16.0,48.0,14.0,37.0,70.0,
1997,3,1997-03-01,79,93.0,9.0,54.0,118.0,117.0,40,82.0,3.0,20,,42,51.0,99.0,108.0,31.0,251,3.0,79.0,102,57.0,111.0,19.0,147.0,115.0,72.0,86.0,157.0,33.0,39.0,20.0,123.0,
1997,4,1997-04-01,203,169.0,140.0,72.0,40.0,160.0,28,133.0,64.0,156,,110,64.0,80.0,71.0,172.0,33,113.0,81.0,235,74.0,170.0,56.0,208.0,92.0,187.0,234.0,107.0,49.0,49.0,200.0,131.0,
1997,5,1997-05-01,235,259.0,102.0,133.0,267.0,199.0,283,151.0,90.0,137,,132,116.0,181.0,218.0,131.0,209,230.0,234.0,243,333.0,347.0,53.0,237.0,237.0,304.0,245.0,258.0,243.0,121.0,162.0,214.0,
1997,6,1997-06-01,205,112.0,199.0,266.0,425.0,350.0,390,249.0,501.0,266,,199,231.0,218.0,183.0,396.0,508,276.0,405.0,215,416.0,796.0,242.0,283.0,323.0,246.0,257.0,323.0,585.0,421.0,312.0,233.0,
1997,7,1997-07-01,406,523.0,298.0,492.0,1033.0,664.0,1277,549.0,461.0,337,,486,406.0,456.0,1022.0,523.0,657,523.0,983.0,447,573.0,681.0,763.0,594.0,794.0,920.0,344.0,1151.0,1353.0,907.0,516.0,478.0,
1997,8,1997-08-01,191,291.0,245.0,338.0,383.0,270.0,613,230.0,330.0,294,,301,227.0,321.0,433.0,417.0,481,338.0,666.0,422,186.0,486.0,468.0,479.0,708.0,354.0,418.0,492.0,742.0,467.0,469.0,355.0,
1997,9,1997-09-01,378,439.0,220.0,421.0,530.0,277.0,640,440.0,289.0,162,,473,361.0,364.0,540.0,485.0,443,410.0,568.0,332,395.0,946.0,348.0,487.0,465.0,666.0,438.0,522.0,666.0,612.0,252.0,591.0,
1997,10,1997-10-01,7,38.0,29.0,34.0,134.0,47.0,173,30.0,3.0,68,,53,15.0,44.0,80.0,8.0,134,16.0,73.0,40,65.0,31.0,4.0,28.0,30.0,37.0,6.0,71.0,23.0,124.0,13.0,12.0,
1997,11,1997-11-01,11,0.0,2.0,0.0,49.0,1.0,37,1.0,0.0,53,,15,14.0,2.0,0.0,11.0,19,2.0,18.0,4,1.0,23.0,44.0,1.0,2.0,13.0,17.0,8.0,49.0,19.0,2.0,0.0,
1997,12,1997-12-01,12,7.0,27.0,33.0,4.0,30.0,33,22.0,36.0,18,,20,20.0,19.0,19.0,21.0,15,27.0,12.0,13,28.0,18.0,22.0,7.0,17.0,9.0,23.0,35.0,16.0,24.0,28.0,14.0,
1998,1,1998-01-01,148,54.0,10.0,23.0,37.0,27.0,15,49.0,2.0,49,,16,44.0,59.0,19.0,9.0,21,0.0,41.0,53,12.0,7.0,16.0,22.0,35.0,19.0,35.0,22.0,2.0,15.0,15.0,29.0,
1998,2,1998-02-01,54,48.0,13.0,54.0,103.0,54.0,19,4.0,17.0,22,,12,26.0,91.0,24.0,11.0,79,12.0,30.0,71,1.0,15.0,5.0,84.0,17.0,40.0,40.0,72.0,0.0,31.0,3.0,65.0,
1998,3,1998-03-01,273,193.0,26.0,130.0,97.0,109.0,20,83.0,24.0,69,,68,141.0,213.0,203.0,68.0,137,50.0,128.0,164,103.0,239.0,52.0,93.0,150.0,108.0,152.0,108.0,13.0,41.0,48.0,149.0,
1998,4,1998-04-01,251,187.0,84.0,158.0,184.0,249.0,148,178.0,148.0,122,,109,130.0,105.0,204.0,161.0,157,173.0,197.0,96,196.0,548.0,33.0,124.0,407.0,162.0,232.0,353.0,88.0,167.0,152.0,97.0,
1998,5,1998-05-01,179,264.0,143.0,237.0,387.0,342.0,381,405.0,152.0,205,,269,216.0,161.0,285.0,299.0,658,202.0,466.0,159,229.0,366.0,129.0,234.0,415.0,231.0,221.0,485.0,429.0,387.0,416.0,234.0,
1998,6,1998-06-01,208,255.0,367.0,92.0,132.0,100.0,365,89.0,237.0,202,,101,163.0,175.0,183.0,176.0,294,333.0,381.0,123,247.0,858.0,92.0,280.0,248.0,202.0,146.0,309.0,424.0,220.0,132.0,229.0,
1998,7,1998-07-01,616,500.0,749.0,622.0,1291.0,854.0,1257,521.0,566.0,357,,413,181.0,343.0,892.0,755.0,1065,473.0,990.0,320,508.0,1245.0,404.0,804.0,979.0,946.0,607.0,1146.0,1275.0,1805.0,459.0,294.0,
1998,8,1998-08-01,516,483.0,563.0,336.0,1194.0,336.0,1154,552.0,548.0,341,,225,209.0,258.0,897.0,517.0,493,458.0,1296.0,185,250.0,665.0,268.0,618.0,858.0,684.0,285.0,1192.0,1474.0,1417.0,444.0,443.0,
1998,9,1998-09-01,254,263.0,283.0,186.0,193.0,281.0,323,246.0,317.0,282,,285,174.0,300.0,313.0,270.0,287,255.0,374.0,189,204.0,313.0,310.0,362.0,338.0,355.0,273.0,532.0,320.0,310.0,239.0,553.0,
1998,10,1998-10-01,89,171.0,353.0,97.0,122.0,48.0,184,100.0,380.0,74,,96,88.0,157.0,189.0,50.0,102,409.0,218.0,232,95.0,90.0,198.0,134.0,91.0,411.0,101.0,141.0,159.0,117.0,38.0,110.0,
1998,11,1998-11-01,270,124.0,10.0,157.0,93.0,118.0,87,83.0,0.0,95,,42,118.0,132.0,170.0,31.0,19,0.0,133.0,135,79.0,42.0,33.0,97.0,197.0,59.0,108.0,126.0,79.0,77.0,62.0,207.0,
1998,12,1998-12-01,0,6.0,0.0,0.0,0.0,0.0,0,0.0,0.0,0,,0,0.0,0.0,0.0,0.0,0,0.0,0.0,0,0.0,0.0,0.0,0.0,0.0,0.0,0.0,0.0,0.0,0.0,0.0,0.0,
1999,1,1999-01-01,0,0.0,,0.0,0.0,0.0,0,0.0,0.0,0,0.0,0,,0.0,0.0,0.0,0,0.0,0.0,0,0.0,0.0,0.0,0.0,0.0,0.0,0.0,0.0,0.0,0.0,0.0,1.0,0.0
1999,2,1999-02-01,0,0.0,,0.0,0.0,0.0,0,0.0,0.0,0,2.0,0,,0.0,0.0,0.0,0,0.0,0.0,0,0.0,0.0,0.0,0.0,0.0,0.0,0.0,0.0,0.0,0.0,0.0,0.0,0.0
1999,3,1999-03-01,0,0.0,,1.0,0.0,2.0,0,0.0,0.0,0,0.0,0,,0.0,0.0,1.0,3,7.0,0.0,0,26.0,49.0,0.0,0.0,41.0,1.0,0.0,0.0,0.0,0.0,0.0,0.0,1.0
1999,4,1999-04-01,20,72.0,,21.0,0.0,7.0,8,21.0,68.0,59,11.0,2,,14.0,20.0,108.0,0,228.0,14.0,28,9.0,207.0,9.0,8.0,4.0,27.0,9.0,4.0,0.0,0.0,6.0,25.0,0.0
1999,5,1999-05-01,212,319.0,,357.0,463.0,229.0,578,428.0,367.0,208,322.0,203,,172.0,427.0,415.0,379,336.0,582.0,272,433.0,731.0,144.0,332.0,409.0,458.0,236.0,389.0,629.0,410.0,206.0,202.0,403.0
1999,6,1999-06-01,260,359.0,,289.0,879.0,350.0,853,348.0,283.0,335,771.0,386,,185.0,645.0,211.0,1117,447.0,768.0,217,275.0,472.0,348.0,479.0,837.0,734.0,314.0,902.0,982.0,648.0,201.0,262.0,896.0
1999,7,1999-07-01,527,590.0,,947.0,491.0,892.0,919,553.0,403.0,421,949.0,407,,420.0,690.0,401.0,590,436.0,964.0,291,457.0,775.0,349.0,749.0,972.0,768.0,592.0,879.0,771.0,602.0,358.0,435.0,609.0
1999,8,1999-08-01,404,432.0,,323.0,848.0,371.0,1134,282.0,587.0,452,736.0,249,,371.0,648.0,349.0,474,829.0,956.0,332,259.0,503.0,354.0,588.0,571.0,535.0,357.0,581.0,1395.0,821.0,156.0,442.0,834.0
1999,9,1999-09-01,301,398.0,,394.0,203.0,365.0,391,361.0,589.0,204,515.0,297,,374.0,631.0,175.0,201,337.0,410.0,361,307.0,253.0,502.0,417.0,250.0,520.0,191.0,243.0,513.0,314.0,246.0,479.0,244.0
1999,10,1999-10-01,228,436.0,,284.0,201.0,292.0,277,368.0,234.0,422,305.0,205,,160.0,233.0,513.0,149,303.0,363.0,111,349.0,344.0,155.0,231.0,232.0,260.0,384.0,221.0,392.0,262.0,193.0,321.0,198.0
1999,11,1999-11-01,1,0.0,,4.0,2.0,43.0,1,13.0,5.0,4,1.0,3,,14.0,0.0,1.0,3,8.0,0.0,4,0.0,0.0,1.0,5.0,57.0,5.0,16.0,0.0,2.0,34.0,35.0,12.0,11.0
1999,12,1999-12-01,2,8.0,,1.0,107.0,0.0,124,0.0,0.0,0,34.0,0,,0.0,8.0,0.0,115,0.0,42.0,0,1.0,0.0,0.0,8.0,32.0,6.0,0.0,44.0,36.0,66.0,0.0,0.0,81.0
2000,1,2000-01-01,19,42.0,18.0,25.0,17.0,45.0,1,13.0,0.0,17,40.0,8,1.0,4.0,40.0,18.0,41,1.0,106.0,20,49.0,48.0,4.0,26.0,34.0,26.0,16.0,46.0,2.0,10.0,25.0,28.0,34.0
2000,2,2000-02-01,16,8.0,37.0,15.0,0.0,52.0,2,44.0,30.0,57,6.0,61,19.0,16.0,13.0,20.0,1,15.0,2.0,32,31.0,3.0,47.0,8.0,10.0,13.0,46.0,1.0,0.0,3.0,29.0,9.0,10.0
2000,3,2000-03-01,50,61.0,76.0,58.0,16.0,121.0,96,172.0,1.0,31,11.0,20,7.0,18.0,35.0,74.0,112,3.0,95.0,10,224.0,119.0,27.0,15.0,195.0,2.0,5.0,56.0,0.0,43.0,59.0,15.0,46.0
2000,4,2000-04-01,135,126.0,158.0,160.0,108.0,212.0,65,189.0,147.0,169,105.0,206,74.0,100.0,142.0,318.0,210,283.0,57.0,180,318.0,500.0,136.0,133.0,178.0,109.0,212.0,90.0,27.0,84.0,220.0,134.0,119.0
2000,5,2000-05-01,246,279.0,272.0,470.0,748.0,554.0,589,608.0,325.0,398,686.0,233,164.0,145.0,542.0,462.0,698,416.0,804.0,194,823.0,670.0,198.0,212.0,520.0,526.0,341.0,902.0,600.0,446.0,305.0,283.0,464.0
2000,6,2000-06-01,286,416.0,250.0,288.0,643.0,295.0,841,165.0,399.0,128,715.0,212,209.0,217.0,568.0,463.0,565,438.0,626.0,218,464.0,1120.0,244.0,282.0,594.0,419.0,182.0,494.0,1091.0,691.0,390.0,309.0,622.0
2000,7,2000-07-01,389,432.0,190.0,293.0,713.0,182.0,1300,197.0,197.0,153,694.0,241,486.0,410.0,629.0,150.0,207,166.0,1315.0,403,189.0,330.0,115.0,497.0,718.0,797.0,259.0,713.0,1457.0,792.0,92.0,356.0,708.0
2000,8,2000-08-01,203,233.0,289.0,214.0,689.0,319.0,870,359.0,195.0,345,415.0,147,239.0,294.0,393.0,257.0,534,232.0,489.0,317,490.0,981.0,190.0,300.0,756.0,411.0,321.0,671.0,1008.0,659.0,152.0,209.0,564.0
2000,9,2000-09-01,245,206.0,466.0,73.0,138.0,106.0,503,216.0,196.0,399,422.0,551,467.0,336.0,248.0,385.0,164,172.0,346.0,486,273.0,733.0,644.0,330.0,376.0,360.0,214.0,231.0,363.0,85.0,368.0,327.0,165.0
2000,10,2000-10-01,171,139.0,84.0,188.0,416.0,155.0,424,278.0,25.0,255,369.0,129,145.0,216.0,155.0,170.0,357,19.0,384.0,142,298.0,188.0,85.0,232.0,210.0,259.0,321.0,226.0,422.0,321.0,152.0,124.0,488.0
2000,11,2000-11-01,10,89.0,0.0,1.0,15.0,3.0,16,0.0,0.0,0,15.0,0,0.0,0.0,43.0,0.0,45,0.0,28.0,0,2.0,0.0,0.0,95.0,60.0,19.0,0.0,26.0,17.0,4.0,0.0,5.0,15.0
2000,12,2000-12-01,0,0.0,0.0,0.0,0.0,0.0,0,0.0,0.0,0,0.0,0,0.0,0.0,0.0,0.0,0,0.0,0.0,0,0.0,0.0,0.0,0.0,0.0,0.0,0.0,0.0,0.0,0.0,0.0,0.0,0.0
2001,1,2001-01-01,0,0.0,0.0,0.0,0.0,0.0,0,0.0,0.0,0,0.0,0,0.0,0.0,0.0,0.0,0,0.0,0.0,0,0.0,0.0,0.0,0.0,0.0,0.0,0.0,0.0,0.0,0.0,5.0,1.0,0.0
2001,2,2001-02-01,17,10.0,0.0,25.0,12.0,13.0,26,1.0,0.0,3,2.0,0,0.0,64.0,27.0,11.0,8,1.0,21.0,55,131.0,143.0,0.0,15.0,4.0,41.0,51.0,71.0,10.0,20.0,0.0,19.0,7.0
2001,3,2001-03-01,4,4.0,0.0,1.0,1.0,6.0,0,33.0,0.0,21,0.0,20,56.0,21.0,0.0,16.0,1,23.0,0.0,38,100.0,42.0,9.0,3.0,0.0,1.0,8.0,20.0,0.0,1.0,86.0,6.0,8.0
2001,4,2001-04-01,16,10.0,22.0,23.0,41.0,54.0,6,46.0,5.0,124,17.0,52,29.0,51.0,10.0,156.0,34,38.0,19.0,53,154.0,177.0,13.0,61.0,40.0,24.0,31.0,43.0,0.0,19.0,88.0,22.0,40.0
2001,5,2001-05-01,282,450.0,223.0,448.0,423.0,300.0,379,402.0,222.0,286,485.0,257,317.0,244.0,523.0,358.0,282,235.0,925.0,223,504.0,481.0,209.0,379.0,322.0,381.0,552.0,439.0,174.0,302.0,364.0,301.0,461.0
2001,6,2001-06-01,641,892.0,299.0,541.0,567.0,590.0,1373,386.0,573.0,325,1213.0,409,498.0,355.0,881.0,408.0,569,481.0,3001.0,411,747.0,729.0,324.0,1084.0,770.0,1014.0,625.0,741.0,1759.0,773.0,301.0,539.0,601.0
2001,7,2001-07-01,556,406.0,185.0,387.0,385.0,184.0,903,202.0,158.0,239,789.0,165,163.0,272.0,548.0,183.0,346,341.0,817.0,263,302.0,612.0,338.0,534.0,480.0,621.0,422.0,382.0,1236.0,413.0,269.0,445.0,385.0
2001,8,2001-08-01,191,198.0,115.0,197.0,238.0,312.0,534,205.0,318.0,222,689.0,158,109.0,188.0,466.0,227.0,332,346.0,535.0,236,405.0,609.0,209.0,146.0,589.0,294.0,223.0,583.0,684.0,301.0,134.0,136.0,237.0
2001,9,2001-09-01,149,218.0,344.0,321.0,224.0,258.0,426,209.0,462.0,206,597.0,334,137.0,207.0,424.0,356.0,212,550.0,163.0,230,208.0,347.0,95.0,217.0,101.0,487.0,258.0,201.0,386.0,167.0,188.0,181.0,226.0
2001,10,2001-10-01,305,290.0,203.0,157.0,242.0,161.0,236,177.0,382.0,165,434.0,74,134.0,196.0,254.0,222.0,181,470.0,482.0,122,304.0,281.0,184.0,386.0,177.0,397.0,162.0,183.0,215.0,200.0,94.0,251.0,242.0
2001,11,2001-11-01,67,60.0,8.0,76.0,81.0,72.0,131,18.0,53.0,43,205.0,10,14.0,31.0,96.0,11.0,101,7.0,132.0,52,55.0,55.0,1.0,90.0,56.0,209.0,47.0,63.0,130.0,124.0,43.0,53.0,81.0
2001,12,2001-12-01,0,0.0,0.0,0.0,0.0,0.0,0,0.0,0.0,0,0.0,0,0.0,0.0,0.0,0.0,0,0.0,0.0,0,0.0,0.0,0.0,0.0,0.0,0.0,0.0,0.0,1.0,0.0,0.0,0.0,0.0
2002,1,2002-01-01,19,22.0,7.0,14.0,1.0,29.0,26,22.0,8.0,19,3.0,15,18.0,15.0,18.0,6.0,9,8.0,11.0,14,15.0,2.0,10.0,11.0,4.0,16.0,8.0,5.0,2.0,3.0,12.0,13.0,1.0
2002,2,2002-02-01,0,0.0,0.0,0.0,0.0,0.0,0,4.0,18.0,0,0.0,2,0.0,0.0,0.0,0.0,0,6.0,0.0,0,0.0,2.0,1.0,0.0,0.0,0.0,6.0,0.0,0.0,0.0,3.0,5.0,0.0
2002,3,2002-03-01,36,24.0,13.0,88.0,70.0,72.0,43,51.0,13.0,56,31.0,62,22.0,14.0,93.0,41.0,42,38.0,230.0,6,147.0,78.0,20.0,4.0,95.0,38.0,100.0,64.0,46.0,41.0,177.0,32.0,70.0
2002,4,2002-04-01,101,65.0,284.0,91.0,67.0,91.0,92,111.0,168.0,91,84.0,72,161.0,74.0,120.0,259.0,66,376.0,201.0,91,383.0,441.0,96.0,101.0,94.0,143.0,89.0,147.0,8.0,56.0,157.0,74.0,79.0
2002,5,2002-05-01,324,294.0,132.0,277.0,453.0,344.0,494,272.0,104.0,286,437.0,177,264.0,254.0,594.0,389.0,548,290.0,835.0,164,572.0,548.0,196.0,185.0,455.0,342.0,193.0,404.0,498.0,473.0,227.0,206.0,453.0
2002,6,2002-06-01,577,474.0,254.0,549.0,366.0,316.0,503,373.0,658.0,395,690.0,296,535.0,846.0,685.0,606.0,262,913.0,1017.0,536,529.0,701.0,222.0,809.0,460.0,571.0,528.0,701.0,808.0,359.0,230.0,983.0,374.0
2002,7,2002-07-01,717,576.0,476.0,477.0,920.0,766.0,1236,446.0,795.0,586,1019.0,253,524.0,360.0,726.0,440.0,852,582.0,2031.0,434,541.0,841.0,316.0,560.0,790.0,509.0,553.0,902.0,1136.0,686.0,487.0,389.0,920.0
2002,8,2002-08-01,272,421.0,496.0,399.0,456.0,223.0,658,272.0,246.0,420,562.0,227,231.0,483.0,476.0,204.0,472,287.0,0.0,301,464.0,469.0,238.0,458.0,439.0,540.0,355.0,467.0,692.0,392.0,335.0,441.0,456.0
2002,9,2002-09-01,346,320.0,326.0,258.0,145.0,129.0,316,156.0,481.0,158,297.0,240,221.0,357.0,204.0,255.0,353,521.0,0.0,245,307.0,396.0,281.0,481.0,218.0,374.0,209.0,1116.0,257.0,177.0,205.0,492.0,145.0
2002,10,2002-10-01,53,54.0,27.0,32.0,129.0,83.0,330,52.0,56.0,38,118.0,75,32.0,22.0,98.0,145.0,79,99.0,0.0,23,117.0,108.0,48.0,81.0,20.0,216.0,24.0,446.0,340.0,202.0,98.0,62.0,128.0
2002,11,2002-11-01,92,74.0,21.0,77.0,128.0,83.0,219,36.0,6.0,130,143.0,47,112.0,169.0,108.0,87.0,94,7.0,0.0,89,90.0,132.0,17.0,14.0,85.0,76.0,100.0,109.0,142.0,0.0,89.0,89.0,128.0
2002,12,2002-12-01,0,0.0,0.0,0.0,10.0,0.0,1,0.0,0.0,0,0.0,0,0.0,0.0,0.0,0.0,7,0.0,0.0,0,0.0,14.0,0.0,0.0,0.0,0.0,0.0,0.0,0.0,0.0,0.0,0.0,10.0
2003,1,2003-01-01,0,0.0,4.0,0.0,,2.0,0,0.0,11.0,0,0.0,0,0.0,0.0,0.0,0.0,0,8.0,,0,0.0,0.0,3.0,0.0,0.0,0.0,0.0,0.0,0.0,0.0,0.0,0.0,0.0
2003,2,2003-02-01,4,4.0,53.0,13.0,,50.0,4,25.0,34.0,113,0.0,24,5.0,0.0,7.0,27.0,1,23.0,,0,4.0,0.0,18.0,5.0,2.0,8.0,10.0,1.0,0.0,0.0,14.0,2.0,0.0
2003,3,2003-03-01,117,48.0,72.0,109.0,,128.0,68,96.0,53.0,110,35.0,73,119.0,155.0,92.0,87.0,36,109.0,,121,65.0,170.0,64.0,113.0,92.0,109.0,70.0,74.0,17.0,66.0,145.0,175.0,53.0
2003,4,2003-04-01,104,86.0,113.0,81.0,,132.0,10,123.0,105.0,109,127.0,89,49.0,63.0,130.0,130.0,82,143.0,,52,215.0,311.0,45.0,59.0,48.0,79.0,84.0,114.0,0.0,11.0,99.0,41.0,170.0
2003,5,2003-05-01,85,101.0,214.0,125.0,,141.0,574,140.0,147.0,89,148.0,58,72.0,125.0,209.0,267.0,273,160.0,,174,367.0,359.0,84.0,189.0,93.0,165.0,66.0,268.0,221.0,215.0,352.0,127.0,198.0
2003,6,2003-06-01,521,593.0,364.0,533.0,,673.0,1349,473.0,337.0,294,1225.0,353,404.0,251.0,927.0,420.0,1086,573.0,,252,640.0,1038.0,280.0,1023.0,1046.0,703.0,434.0,1025.0,1638.0,925.0,303.0,351.0,1209.0
2003,7,2003-07-01,243,255.0,219.0,209.0,,290.0,896,191.0,532.0,276,752.0,134,427.0,287.0,468.0,213.0,252,633.0,,231,231.0,497.0,230.0,461.0,397.0,404.0,283.0,508.0,822.0,330.0,223.0,284.0,296.0
2003,8,2003-08-01,186,269.0,220.0,279.0,,131.0,655,202.0,197.0,120,583.0,87,177.0,255.0,455.0,124.0,222,183.0,,260,204.0,438.0,128.0,360.0,315.0,290.0,191.0,397.0,895.0,327.0,169.0,229.0,260.0
2003,9,2003-09-01,206,170.0,156.0,200.0,,97.0,347,264.0,230.0,81,395.0,145,148.0,145.0,272.0,190.0,370,206.0,,202,268.0,499.0,262.0,259.0,356.0,239.0,221.0,387.0,669.0,390.0,262.0,188.0,210.0
2003,10,2003-10-01,301,263.0,264.0,143.0,,129.0,207,134.0,380.0,182,306.0,134,466.0,315.0,499.0,345.0,93,340.0,,420,247.0,237.0,292.0,387.0,242.0,392.0,226.0,193.0,181.0,231.0,207.0,263.0,234.0
2003,11,2003-11-01,0,0.0,0.0,0.0,,3.0,0,0.0,0.0,0,0.0,0,0.0,0.0,0.0,0.0,0,0.0,,0,0.0,0.0,0.0,0.0,0.0,0.0,0.0,0.0,0.0,0.0,0.0,0.0,0.0
2003,12,2003-12-01,28,30.0,13.0,26.0,,49.0,3,45.0,31.0,26,93.0,5,25.0,22.0,32.0,10.0,59,24.0,,25,54.0,7.0,6.0,1.0,60.0,46.0,23.0,9.0,8.0,0.0,22.0,28.0,66.0
2004,1,2004-01-01,0,0.0,0.0,0.0,,0.0,0,0.0,7.0,3,0.0,0,3.0,0.0,0.0,6.0,0,9.0,0.0,0,0.0,1.0,10.0,0.0,0.0,0.0,0.0,0.0,0.0,0.0,10.0,0.0,0.0
2004,2,2004-02-01,0,0.0,0.0,0.0,,4.0,0,0.0,0.0,0,0.0,0,0.0,0.0,0.0,2.0,0,0.0,0.0,0,0.0,8.0,0.0,1.0,0.0,1.0,0.0,0.0,0.0,0.0,0.0,0.0,0.0
2004,3,2004-03-01,11,11.0,45.0,9.0,,6.0,1,9.0,12.0,6,7.0,0,9.0,7.0,14.0,13.0,8,39.0,38.0,4,10.0,40.0,0.0,12.0,0.0,16.0,6.0,5.0,0.0,4.0,6.0,7.0,6.0
2004,4,2004-04-01,87,129.0,90.0,104.0,,175.0,204,167.0,163.0,52,207.0,127,70.0,85.0,277.0,244.0,170,196.0,0.0,122,657.0,622.0,61.0,179.0,177.0,64.0,89.0,169.0,103.0,134.0,104.0,95.0,165.0
2004,5,2004-05-01,126,157.0,137.0,101.0,,186.0,250,162.0,278.0,208,150.0,125,138.0,180.0,124.0,87.0,116,347.0,72.0,122,447.0,371.0,92.0,147.0,185.0,103.0,96.0,240.0,437.0,167.0,137.0,109.0,275.0
2004,6,2004-06-01,316,580.0,638.0,374.0,,654.0,705,476.0,517.0,420,828.0,292,305.0,383.0,643.0,392.0,841,352.0,315.0,382,458.0,553.0,507.0,277.0,468.0,479.0,467.0,638.0,680.0,539.0,455.0,293.0,638.0
2004,7,2004-07-01,241,467.0,529.0,312.0,,311.0,751,295.0,602.0,235,839.0,397,398.0,253.0,552.0,753.0,1076,653.0,1353.0,324,889.0,1394.0,339.0,544.0,499.0,325.0,204.0,706.0,899.0,559.0,309.0,280.0,905.0
2004,8,2004-08-01,478,460.0,261.0,334.0,,183.0,686,191.0,128.0,155,515.0,156,347.0,266.0,511.0,241.0,229,133.0,395.0,435,184.0,545.0,275.0,448.0,104.0,591.0,282.0,534.0,1162.0,461.0,304.0,336.0,142.0
2004,9,2004-09-01,1067,993.0,206.0,845.0,,686.0,438,839.0,253.0,764,1039.0,541,917.0,621.0,1008.0,250.0,491,464.0,1826.0,398,331.0,478.0,349.0,756.0,708.0,672.0,873.0,719.0,379.0,528.0,500.0,506.0,590.0
2004,10,2004-10-01,203,282.0,251.0,302.0,,218.0,247,208.0,330.0,156,420.0,151,257.0,183.0,316.0,487.0,182,484.0,671.0,246,80.0,235.0,153.0,283.0,254.0,221.0,192.0,236.0,472.0,149.0,180.0,274.0,203.0
2004,11,2004-11-01,0,1.0,0.0,0.0,,1.0,0,0.0,0.0,0,0.0,0,0.0,0.0,0.0,0.0,0,0.0,0.0,0,0.0,5.0,0.0,0.0,0.0,0.0,12.0,0.0,9.0,0.0,0.0,3.0,0.0
2004,12,2004-12-01,0,0.0,0.0,2.0,,0.0,0,0.0,3.0,2,0.0,0,0.0,0.0,0.0,18.0,0,3.0,0.0,0,0.0,12.0,0.0,0.0,0.0,0.0,0.0,0.0,0.0,0.0,0.0,0.0,0.0
2005,1,2005-01-01,11,7.0,5.0,7.0,,6.0,6,1.0,9.0,8,0.0,14,33.0,15.0,25.0,3.0,2,11.0,7.0,6,0.0,0.0,14.0,22.0,11.0,95.0,0.0,5.0,0.0,4.0,4.0,28.0,5.0
2005,1,2005-01-01,11,7.0,5.0,7.0,,6.0,6,1.0,9.0,8,0.0,14,33.0,15.0,25.0,3.0,2,11.0,7.0,6,0.0,0.0,14.0,22.0,11.0,95.0,0.0,5.0,0.0,4.0,4.0,28.0,5.0
2005,2,2005-02-01,0,0.0,9.0,0.0,,2.0,0,3.0,15.0,7,0.0,3,16.0,0.0,0.0,27.0,0,9.0,0.0,0,71.0,48.0,1.0,0.0,0.0,0.0,0.0,0.0,0.0,0.0,8.0,0.0,0.0
2005,2,2005-02-01,0,0.0,9.0,0.0,,2.0,0,3.0,15.0,7,0.0,3,16.0,0.0,0.0,27.0,0,9.0,0.0,0,71.0,48.0,1.0,0.0,0.0,0.0,0.0,0.0,0.0,0.0,8.0,0.0,0.0
2005,3,2005-03-01,138,106.0,58.0,122.0,,249.0,27,155.0,37.0,136,84.0,75,129.0,148.0,153.0,77.0,74,61.0,115.0,120,162.0,388.0,104.0,139.0,0.0,93.0,61.0,77.0,10.0,102.0,58.0,93.0,57.0
2005,3,2005-03-01,138,106.0,58.0,122.0,,249.0,27,155.0,37.0,136,84.0,75,129.0,148.0,153.0,77.0,74,61.0,115.0,120,162.0,388.0,104.0,139.0,0.0,93.0,61.0,77.0,10.0,102.0,58.0,93.0,57.0
2005,4,2005-04-01,26,63.0,72.0,91.0,,157.0,113,91.0,89.0,13,145.0,13,31.0,43.0,67.0,142.0,199,93.0,78.0,28,155.0,296.0,27.0,45.0,188.0,6.0,21.0,158.0,77.0,139.0,44.0,25.0,121.0
2005,4,2005-04-01,26,63.0,72.0,91.0,,157.0,113,91.0,89.0,13,145.0,13,31.0,43.0,67.0,142.0,199,93.0,78.0,28,155.0,296.0,27.0,45.0,188.0,6.0,21.0,158.0,77.0,139.0,44.0,25.0,121.0
2005,5,2005-05-01,85,87.0,138.0,115.0,,193.0,178,291.0,255.0,68,85.0,89,59.0,215.0,214.0,495.0,238,271.0,278.0,80,615.0,895.0,108.0,109.0,331.0,166.0,114.0,256.0,113.0,218.0,232.0,238.0,148.0
2005,5,2005-05-01,85,87.0,138.0,115.0,,193.0,178,291.0,255.0,68,85.0,89,59.0,215.0,214.0,495.0,238,271.0,278.0,80,615.0,895.0,108.0,109.0,331.0,166.0,114.0,256.0,113.0,218.0,232.0,238.0,148.0
2005,6,2005-06-01,326,181.0,130.0,31.0,,259.0,848,259.0,474.0,233,420.0,199,141.0,102.0,463.0,255.0,185,428.0,444.0,261,294.0,354.0,92.0,220.0,292.0,473.0,183.0,247.0,1023.0,433.0,135.0,342.0,233.0
2005,6,2005-06-01,326,181.0,130.0,31.0,,259.0,848,259.0,474.0,233,420.0,199,141.0,102.0,463.0,255.0,185,428.0,444.0,261,294.0,354.0,92.0,220.0,292.0,473.0,183.0,247.0,1023.0,433.0,135.0,342.0,233.0
2005,7,2005-07-01,463,860.0,471.0,344.0,,403.0,608,542.0,507.0,384,872.0,378,546.0,435.0,724.0,405.0,274,671.0,554.0,497,330.0,978.0,492.0,923.0,784.0,1000.0,556.0,541.0,953.0,507.0,331.0,633.0,596.0
2005,7,2005-07-01,463,860.0,471.0,344.0,,403.0,608,542.0,507.0,384,872.0,378,546.0,435.0,724.0,405.0,274,671.0,554.0,497,330.0,978.0,492.0,923.0,784.0,1000.0,556.0,541.0,953.0,507.0,331.0,633.0,596.0
2005,8,2005-08-01,302,460.0,328.0,318.0,,410.0,957,361.0,597.0,276,1311.0,246,115.0,194.0,626.0,514.0,644,400.0,782.0,158,268.0,626.0,161.0,391.0,615.0,489.0,433.0,1081.0,1356.0,853.0,264.0,264.0,654.0
2005,8,2005-08-01,302,460.0,328.0,318.0,,410.0,957,361.0,597.0,276,1311.0,246,115.0,194.0,626.0,514.0,644,400.0,782.0,158,268.0,626.0,161.0,391.0,615.0,489.0,433.0,1081.0,1356.0,853.0,264.0,264.0,654.0
2005,9,2005-09-01,174,197.0,356.0,149.0,,395.0,342,514.0,222.0,167,275.0,137,194.0,410.0,226.0,360.0,323,328.0,258.0,338,320.0,319.0,131.0,274.0,279.0,475.0,164.0,348.0,273.0,251.0,381.0,391.0,386.0
2005,9,2005-09-01,174,197.0,356.0,149.0,,395.0,342,514.0,222.0,167,275.0,137,194.0,410.0,226.0,360.0,323,328.0,258.0,338,320.0,319.0,131.0,274.0,279.0,475.0,164.0,348.0,273.0,251.0,381.0,391.0,386.0
2005,10,2005-10-01,415,397.0,523.0,360.0,,349.0,257,417.0,770.0,357,608.0,664,412.0,420.0,332.0,394.0,125,581.0,462.0,484,159.0,259.0,275.0,573.0,346.0,534.0,371.0,312.0,113.0,189.0,556.0,390.0,100.0
2005,10,2005-10-01,415,397.0,523.0,360.0,,349.0,257,417.0,770.0,357,608.0,664,412.0,420.0,332.0,394.0,125,581.0,462.0,484,159.0,259.0,275.0,573.0,346.0,534.0,371.0,312.0,113.0,189.0,556.0,390.0,100.0
2005,11,2005-11-01,0,0.0,0.0,0.0,,0.0,23,3.0,0.0,0,5.0,0,2.0,0.0,0.0,0.0,53,0.0,81.0,0,0.0,0.0,0.0,0.0,22.0,1.0,1.0,0.0,14.0,16.0,4.0,1.0,23.0
2005,11,2005-11-01,0,0.0,0.0,0.0,,0.0,23,3.0,0.0,0,5.0,0,2.0,0.0,0.0,0.0,53,0.0,81.0,0,0.0,0.0,0.0,0.0,22.0,1.0,1.0,0.0,14.0,16.0,4.0,1.0,23.0
2005,12,2005-12-01,3,8.0,1.0,2.0,,1.0,25,0.0,0.0,1,9.0,1,0.0,0.0,3.0,0.0,7,0.0,8.0,10,1.0,0.0,0.0,7.0,0.0,16.0,1.0,5.0,60.0,15.0,0.0,1.0,8.0
2005,12,2005-12-01,3,8.0,1.0,2.0,,1.0,25,0.0,0.0,1,9.0,1,0.0,0.0,3.0,0.0,7,0.0,8.0,10,1.0,0.0,0.0,7.0,0.0,16.0,1.0,5.0,60.0,15.0,0.0,1.0,8.0
2006,1,2006-01-01,0,0.0,0.0,0.0,,0.0,0,0.0,0.0,0,0.0,0,0.0,0.0,0.0,0.0,0,0.0,0.0,0,0.0,0.0,0.0,0.0,0.0,0.0,0.0,0.0,0.0,0.0,0.0,0.0,0.0
2006,2,2006-02-01,0,0.0,0.0,0.0,,0.0,0,0.0,0.0,0,0.0,0,0.0,0.0,0.0,0.0,0,1.0,0.0,0,3.0,62.0,0.0,0.0,0.0,0.0,0.0,0.0,0.0,0.0,0.0,0.0,0.0
2006,3,2006-03-01,4,7.0,12.0,0.0,,0.0,0,0.0,1.0,0,1.0,2,1.0,5.0,2.0,2.0,0,2.0,1.0,24,1.0,16.0,7.0,1.0,0.0,0.0,0.0,0.0,0.0,0.0,0.0,14.0,0.0
2006,4,2006-04-01,41,8.0,143.0,27.0,,117.0,114,181.0,67.0,128,57.0,74,52.0,19.0,61.0,153.0,36,85.0,51.0,59,195.0,353.0,36.0,7.0,52.0,65.0,55.0,56.0,31.0,25.0,96.0,9.0,50.0
2006,5,2006-05-01,274,399.0,193.0,260.0,,607.0,800,185.0,259.0,218,645.0,213,302.0,230.0,507.0,379.0,701,367.0,873.0,285,364.0,572.0,189.0,339.0,577.0,452.0,237.0,569.0,724.0,626.0,286.0,243.0,859.0
2006,6,2006-06-01,352,311.0,184.0,336.0,,402.0,662,326.0,222.0,229,466.0,199,214.0,262.0,435.0,371.0,313,472.0,507.0,260,478.0,1288.0,188.0,533.0,390.0,389.0,254.0,321.0,491.0,488.0,301.0,255.0,288.0
2006,7,2006-07-01,384,353.0,192.0,348.0,,151.0,802,331.0,218.0,340,603.0,233,455.0,522.0,479.0,274.0,476,271.0,650.0,548,271.0,436.0,130.0,354.0,439.0,611.0,223.0,397.0,1150.0,899.0,247.0,462.0,495.0
2006,8,2006-08-01,378,447.0,138.0,309.0,,226.0,385,167.0,126.0,192,319.0,244,316.0,364.0,382.0,339.0,370,96.0,184.0,359,325.0,424.0,247.0,406.0,188.0,398.0,243.0,177.0,732.0,344.0,171.0,318.0,138.0
2006,9,2006-09-01,522,626.0,174.0,410.0,,300.0,678,663.0,340.0,486,698.0,277,400.0,579.0,633.0,420.0,302,235.0,776.0,403,165.0,288.0,302.0,620.0,388.0,699.0,453.0,457.0,824.0,502.0,392.0,390.0,438.0
2006,10,2006-10-01,41,38.0,69.0,24.0,,94.0,78,61.0,21.0,55,136.0,4,16.0,79.0,28.0,23.0,99,120.0,51.0,63,150.0,72.0,36.0,24.0,52.0,23.0,37.0,50.0,237.0,81.0,31.0,48.0,91.0
2006,11,2006-11-01,2,0.0,1.0,0.0,,1.0,10,5.0,23.0,1,16.0,40,13.0,1.0,20.0,0.0,19,8.0,18.0,0,15.0,12.0,10.0,3.0,0.0,11.0,1.0,4.0,43.0,2.0,0.0,6.0,16.0
2006,12,2006-12-01,0,0.0,0.0,0.0,,0.0,0,0.0,8.0,0,0.0,0,0.0,0.0,0.0,0.0,0,25.0,0.0,0,0.0,3.0,0.0,0.0,0.0,0.0,0.0,0.0,0.0,0.0,0.0,0.0,0.0
2007,1,2007-01-01,0,0.0,0.0,0.0,,0.0,0,0.0,0.0,0,1.0,0,0.0,0.0,0.0,0.0,0,0.0,0.0,1,0.0,0.0,0.0,1.0,0.0,10.0,0.0,0.0,0.0,0.0,0.0,2.0,0.0
2007,2,2007-02-01,72,80.0,18.0,57.0,,20.0,65,30.0,30.0,59,139.0,35,66.0,54.0,77.0,55.0,58,47.0,98.0,116,68.0,34.0,27.0,113.0,73.0,37.0,49.0,55.0,8.0,117.0,48.0,71.0,49.0
2007,3,2007-03-01,33,27.0,25.0,40.0,,21.0,0,11.0,2.0,4,23.0,22,21.0,14.0,9.0,18.0,32,16.0,1.0,19,69.0,41.0,59.0,0.0,4.0,0.0,35.0,0.0,0.0,0.0,24.0,1.0,4.0
2007,4,2007-04-01,50,140.0,28.0,51.0,,179.0,100,163.0,33.0,60,108.0,30,62.0,92.0,139.0,208.0,168,39.0,194.0,76,293.0,481.0,13.0,35.0,128.0,80.0,114.0,167.0,69.0,104.0,60.0,64.0,223.0
2007,5,2007-05-01,146,140.0,92.0,226.0,,153.0,373,185.0,121.0,93,257.0,50,159.0,119.0,376.0,123.0,280,233.0,489.0,41,214.0,669.0,260.0,158.0,282.0,227.0,56.0,349.0,290.0,365.0,67.0,57.0,263.0
2007,6,2007-06-01,471,440.0,732.0,399.0,,548.0,640,628.0,474.0,528,630.0,269,289.0,374.0,483.0,849.0,591,568.0,806.0,254,622.0,869.0,313.0,426.0,509.0,240.0,378.0,706.0,598.0,483.0,660.0,226.0,953.0
2007,7,2007-07-01,560,511.0,320.0,782.0,,654.0,1274,753.0,401.0,676,968.0,516,735.0,591.0,762.0,726.0,712,558.0,827.0,466,245.0,786.0,364.0,815.0,970.0,926.0,501.0,842.0,1586.0,709.0,609.0,580.0,930.0
2007,8,2007-08-01,218,203.0,256.0,180.0,,221.0,526,505.0,233.0,216,494.0,285,299.0,160.0,353.0,368.0,268,149.0,509.0,167,362.0,578.0,236.0,301.0,402.0,334.0,219.0,488.0,628.0,416.0,275.0,262.0,589.0
2007,9,2007-09-01,326,411.0,302.0,266.0,,339.0,409,179.0,234.0,130,731.0,220,259.0,397.0,759.0,149.0,535,277.0,631.0,459,333.0,594.0,309.0,639.0,601.0,557.0,291.0,625.0,459.0,481.0,253.0,355.0,512.0
2007,10,2007-10-01,357,277.0,131.0,228.0,,280.0,492,320.0,51.0,180,413.0,131,116.0,197.0,451.0,219.0,351,138.0,653.0,175,152.0,142.0,76.0,369.0,499.0,693.0,283.0,709.0,622.0,325.0,173.0,267.0,635.0
2007,11,2007-11-01,95,99.0,15.0,109.0,,82.0,127,111.0,0.0,94,191.0,15,113.0,113.0,105.0,67.0,81,12.0,97.0,98,159.0,144.0,1.0,170.0,75.0,127.0,135.0,63.0,205.0,162.0,89.0,101.0,182.0
2007,12,2007-12-01,0,0.0,0.0,0.0,,0.0,0,0.0,0.0,0,0.0,0,0.0,0.0,0.0,0.0,0,0.0,0.0,0,0.0,0.0,0.0,0.0,0.0,0.0,0.0,0.0,0.0,0.0,0.0,0.0,0.0
2008,1,2008-01-01,41,23.0,27.0,39.0,64.0,30.0,15,23.0,33.0,42,41.0,37,70.0,66.0,27.0,30.0,47,36.0,38.0,92,32.0,19.0,26.0,34.0,29.0,40.0,40.0,32.0,60.0,52.0,28.0,50.0,56.0
2008,2,2008-02-01,24,15.0,0.0,22.0,7.0,11.0,50,56.0,1.0,45,23.0,2,35.0,36.0,16.0,5.0,8,1.0,7.0,39,24.0,35.0,0.0,20.0,16.0,35.0,15.0,5.0,7.0,6.0,49.0,36.0,13.0
2008,3,2008-03-01,22,4.0,22.0,64.0,6.0,26.0,4,45.0,19.0,31,35.0,12,37.0,48.0,68.0,96.0,5,49.0,11.0,16,39.0,165.0,0.0,2.0,30.0,1.0,35.0,13.0,0.0,10.0,55.0,12.0,14.0
2008,4,2008-04-01,16,16.0,20.0,67.0,1.0,34.0,0,91.0,27.0,31,21.0,35,39.0,36.0,14.0,25.0,0,74.0,3.0,85,42.0,162.0,30.0,9.0,16.0,28.0,25.0,7.0,0.0,1.0,12.0,7.0,1.0
2008,5,2008-05-01,64,162.0,213.0,240.0,244.0,282.0,244,205.0,220.0,58,204.0,145,208.0,151.0,202.0,280.0,188,273.0,216.0,129,296.0,501.0,144.0,91.0,285.0,111.0,146.0,439.0,335.0,253.0,239.0,146.0,272.0
2008,6,2008-06-01,239,313.0,393.0,193.0,538.0,330.0,1318,409.0,363.0,236,696.0,206,242.0,190.0,516.0,675.0,262,444.0,494.0,200,281.0,648.0,247.0,241.0,505.0,438.0,221.0,386.0,1135.0,441.0,309.0,252.0,618.0
2008,7,2008-07-01,550,729.0,474.0,649.0,963.0,457.0,1275,563.0,437.0,430,1235.0,295,459.0,301.0,980.0,473.0,433,232.0,1414.0,280,319.0,604.0,373.0,1016.0,788.0,931.0,532.0,994.0,2072.0,1256.0,444.0,474.0,962.0
2008,8,2008-08-01,357,247.0,374.0,320.0,757.0,375.0,664,319.0,385.0,175,512.0,208,204.0,202.0,504.0,354.0,400,396.0,849.0,257,411.0,761.0,245.0,306.0,687.0,459.0,248.0,687.0,993.0,659.0,245.0,217.0,809.0
2008,9,2008-09-01,210,155.0,109.0,213.0,250.0,247.0,387,279.0,242.0,223,386.0,256,415.0,379.0,250.0,131.0,240,227.0,486.0,275,158.0,264.0,129.0,387.0,249.0,514.0,172.0,226.0,520.0,305.0,110.0,299.0,266.0
2008,10,2008-10-01,341,348.0,159.0,333.0,171.0,265.0,184,227.0,45.0,172,377.0,108,179.0,187.0,426.0,170.0,172,175.0,180.0,170,273.0,192.0,121.0,408.0,269.0,467.0,245.0,154.0,285.0,181.0,365.0,197.0,216.0
2008,11,2008-11-01,0,0.0,0.0,0.0,31.0,0.0,3,0.0,0.0,0,1.0,0,0.0,0.0,1.0,0.0,25,0.0,2.0,0,0.0,0.0,0.0,0.0,0.0,0.0,0.0,2.0,5.0,7.0,0.0,0.0,43.0
2008,12,2008-12-01,0,0.0,0.0,0.0,0.0,0.0,0,0.0,0.0,0,0.0,0,0.0,0.0,0.0,0.0,0,0.0,2.0,0,0.0,0.0,0.0,0.0,0.0,0.0,0.0,0.0,0.0,0.0,0.0,0.0,0.0
2009,1,2009-01-01,0,0.0,0.0,0.0,0.0,0.0,0,1.0,0.0,0,0.0,0,0.0,1.0,0.0,0.0,0,0.0,0.0,0,0.0,0.0,1.0,0.0,0.0,0.0,0.0,0.0,0.0,0.0,0.0,0.0,0.0
2009,2,2009-02-01,20,3.0,3.0,1.0,2.0,0.0,0,1.0,0.0,2,1.0,4,7.0,6.0,2.0,0.0,0,0.0,0.0,0,1.0,20.0,7.0,0.0,1.0,0.0,4.0,0.0,0.0,0.0,0.0,1.0,0.0
2009,3,2009-03-01,13,6.0,3.0,5.0,3.0,3.0,0,43.0,10.0,31,7.0,71,33.0,10.0,6.0,17.0,1,9.0,3.0,3,47.0,63.0,28.0,55.0,20.0,2.0,9.0,1.0,0.0,2.0,1.0,8.0,2.0
2009,4,2009-04-01,112,117.0,49.0,56.0,114.0,48.0,130,14.0,41.0,15,103.0,16,0.0,23.0,121.0,54.0,61,158.0,69.0,12,138.0,427.0,0.0,73.0,36.0,45.0,63.0,78.0,95.0,87.0,59.0,23.0,125.0
2009,5,2009-05-01,133,244.0,205.0,220.0,373.0,295.0,241,168.0,369.0,166,267.0,134,170.0,130.0,386.0,411.0,264,270.0,420.0,179,713.0,576.0,131.0,209.0,506.0,210.0,226.0,320.0,313.0,180.0,218.0,191.0,360.0
2009,6,2009-06-01,139,175.0,128.0,177.0,434.0,235.0,324,170.0,457.0,175,226.0,73,169.0,233.0,380.0,130.0,295,336.0,391.0,55,374.0,469.0,126.0,196.0,371.0,221.0,180.0,394.0,542.0,410.0,185.0,177.0,408.0
2009,7,2009-07-01,542,544.0,194.0,431.0,1244.0,573.0,971,676.0,281.0,523,856.0,299,369.0,347.0,864.0,431.0,639,304.0,1320.0,251,331.0,599.0,183.0,695.0,854.0,758.0,355.0,916.0,1454.0,1067.0,329.0,424.0,1025.0
2009,8,2009-08-01,518,448.0,570.0,312.0,693.0,427.0,944,482.0,471.0,435,888.0,278,386.0,568.0,471.0,359.0,472,832.0,722.0,512,433.0,674.0,240.0,705.0,682.0,439.0,424.0,803.0,851.0,448.0,314.0,478.0,589.0
2009,9,2009-09-01,168,219.0,169.0,146.0,281.0,145.0,485,298.0,128.0,165,386.0,350,438.0,357.0,244.0,231.0,276,77.0,362.0,337,333.0,323.0,282.0,168.0,234.0,323.0,213.0,315.0,555.0,308.0,205.0,316.0,261.0
2009,10,2009-10-01,162,146.0,89.0,195.0,300.0,98.0,130,74.0,267.0,69,319.0,67,94.0,111.0,280.0,29.0,338,231.0,301.0,82,69.0,136.0,45.0,197.0,226.0,239.0,98.0,271.0,174.0,125.0,80.0,96.0,321.0
2009,11,2009-11-01,13,18.0,0.0,3.0,17.0,0.0,58,4.0,1.0,3,27.0,0,1.0,20.0,54.0,0.0,49,0.0,26.0,19,13.0,0.0,0.0,11.0,55.0,52.0,8.0,21.0,3.0,31.0,0.0,6.0,39.0
2009,12,2009-12-01,0,0.0,0.0,0.0,0.0,0.0,0,0.0,0.0,0,0.0,0,1.0,0.0,0.0,0.0,0,0.0,0.0,0,0.0,0.0,0.0,0.0,0.0,0.0,0.0,0.0,0.0,0.0,0.0,0.0,0.0
2010,1,2010-01-01,0,0.0,0.0,0.0,0.0,0.0,0,0.0,0.0,0,0.0,0,0.0,0.0,0.0,0.0,0,0.0,0.0,0,0.0,0.0,0.0,0.0,0.0,0.0,1.0,0.0,0.0,0.0,0.0,0.0,0.0
2010,2,2010-02-01,1,0.0,0.0,23.0,8.0,13.0,0,48.0,0.0,6,1.0,4,8.0,2.0,2.0,4.0,9,0.0,35.0,3,0.0,1.0,2.0,13.0,36.0,17.0,2.0,1.0,0.0,2.0,3.0,0.0,9.0
2010,3,2010-03-01,1,1.0,0.0,3.0,40.0,30.0,15,22.0,0.0,0,5.0,0,11.0,14.0,2.0,16.0,121,0.0,27.0,1,48.0,147.0,2.0,0.0,6.0,0.0,11.0,37.0,33.0,10.0,69.0,0.0,50.0
2010,4,2010-04-01,10,10.0,29.0,17.0,46.0,23.0,12,37.0,84.0,12,18.0,46,37.0,21.0,12.0,123.0,112,169.0,26.0,25,228.0,804.0,37.0,8.0,62.0,5.0,45.0,71.0,8.0,4.0,46.0,19.0,50.0
2010,5,2010-05-01,212,195.0,185.0,191.0,346.0,343.0,717,177.0,206.0,142,370.0,100,264.0,146.0,293.0,337.0,424,237.0,279.0,214,560.0,728.0,75.0,219.0,338.0,371.0,167.0,314.0,492.0,464.0,328.0,143.0,282.0
2010,6,2010-06-01,481,401.0,286.0,541.0,747.0,417.0,982,308.0,515.0,367,911.0,163,329.0,287.0,933.0,384.0,653,650.0,949.0,318,440.0,946.0,211.0,513.0,728.0,681.0,300.0,876.0,1089.0,666.0,430.0,350.0,916.0
2010,7,2010-07-01,251,353.0,92.0,233.0,267.0,94.0,496,167.0,356.0,215,776.0,174,155.0,180.0,409.0,458.0,304,346.0,759.0,269,217.0,528.0,94.0,418.0,444.0,340.0,289.0,377.0,881.0,517.0,126.0,204.0,245.0
2010,8,2010-08-01,156,91.0,225.0,204.0,516.0,125.0,501,340.0,290.0,209,371.0,127,232.0,205.0,500.0,368.0,496,240.0,793.0,155,311.0,767.0,101.0,200.0,348.0,279.0,95.0,473.0,551.0,466.0,207.0,265.0,392.0
2010,9,2010-09-01,184,232.0,244.0,229.0,116.0,241.0,257,169.0,107.0,195,431.0,109,186.0,157.0,301.0,211.0,183,332.0,283.0,202,229.0,732.0,101.0,223.0,321.0,237.0,142.0,421.0,400.0,120.0,157.0,263.0,86.0
2010,10,2010-10-01,275,442.0,190.0,303.0,294.0,277.0,375,174.0,82.0,189,482.0,105,122.0,332.0,521.0,148.0,281,122.0,337.0,92,203.0,231.0,127.0,548.0,383.0,604.0,271.0,289.0,602.0,403.0,319.0,324.0,301.0
2010,11,2010-11-01,64,39.0,3.0,6.0,38.0,0.0,15,0.0,1.0,12,0.0,3,4.0,0.0,10.0,4.0,45,4.0,4.0,1,1.0,10.0,3.0,19.0,20.0,29.0,2.0,4.0,15.0,0.0,3.0,94.0,52.0
2010,12,2010-12-01,27,8.0,20.0,15.0,19.0,15.0,68,81.0,0.0,62,3.0,63,32.0,13.0,19.0,42.0,17,2.0,17.0,15,53.0,45.0,39.0,6.0,23.0,5.0,5.0,5.0,193.0,50.0,62.0,11.0,22.0
2011,1,2011-01-01,0,0.0,1.0,0.0,0.0,0.0,11,0.0,0.0,0,0.0,4,0.0,0.0,0.0,1.0,1,0.0,0.0,0,6.0,0.0,6.0,0.0,0.0,0.0,0.0,1.0,9.0,5.0,3.0,0.0,0.0
2011,2,2011-02-01,0,0.0,0.0,1.0,0.0,0.0,0,0.0,28.0,0,0.0,1,0.0,1.0,6.0,12.0,1,20.0,0.0,1,7.0,3.0,0.0,0.0,10.0,0.0,1.0,0.0,1.0,0.0,0.0,0.0,0.0
2011,3,2011-03-01,34,32.0,7.0,35.0,35.0,28.0,4,20.0,27.0,17,67.0,30,34.0,16.0,24.0,32.0,49,13.0,120.0,58,56.0,99.0,10.0,17.0,55.0,35.0,20.0,126.0,11.0,22.0,48.0,8.0,35.0
2011,4,2011-04-01,105,66.0,145.0,145.0,133.0,76.0,123,123.0,61.0,109,61.0,96,33.0,28.0,61.0,80.0,78,28.0,124.0,58,96.0,78.0,94.0,34.0,58.0,106.0,101.0,163.0,130.0,118.0,68.0,112.0,117.0
2011,5,2011-05-01,153,317.0,194.0,424.0,276.0,351.0,296,235.0,250.0,163,529.0,155,132.0,145.0,358.0,239.0,169,261.0,372.0,218,595.0,403.0,187.0,180.0,437.0,249.0,169.0,361.0,312.0,316.0,198.0,132.0,355.0
2011,6,2011-06-01,481,425.0,193.0,410.0,481.0,346.0,926,314.0,348.0,383,635.0,253,314.0,381.0,794.0,449.0,516,306.0,661.0,450,401.0,578.0,341.0,680.0,599.0,542.0,408.0,502.0,1180.0,952.0,303.0,504.0,454.0
2011,7,2011-07-01,314,398.0,175.0,291.0,562.0,273.0,877,356.0,285.0,253,715.0,289,296.0,387.0,791.0,333.0,463,389.0,734.0,428,401.0,673.0,144.0,356.0,576.0,802.0,342.0,818.0,848.0,803.0,259.0,392.0,613.0
2011,8,2011-08-01,428,383.0,606.0,403.0,806.0,501.0,1226,409.0,381.0,469,1018.0,645,306.0,614.0,691.0,741.0,566,542.0,1124.0,638,307.0,722.0,454.0,655.0,832.0,925.0,380.0,1136.0,1163.0,856.0,761.0,639.0,748.0
2011,9,2011-09-01,337,331.0,389.0,291.0,762.0,233.0,692,207.0,261.0,113,659.0,261,227.0,367.0,392.0,242.0,420,366.0,823.0,217,108.0,490.0,203.0,406.0,402.0,345.0,131.0,524.0,826.0,597.0,150.0,421.0,740.0
2011,10,2011-10-01,56,63.0,0.0,128.0,46.0,76.0,280,112.0,0.0,2,158.0,2,18.0,3.0,117.0,18.0,98,6.0,302.0,53,73.0,55.0,35.0,80.0,225.0,88.0,61.0,127.0,474.0,224.0,49.0,39.0,66.0
2011,11,2011-11-01,1,0.0,11.0,0.0,0.0,0.0,0,0.0,3.0,0,0.0,0,1.0,6.0,0.0,0.0,0,1.0,0.0,0,0.0,0.0,1.0,6.0,0.0,0.0,0.0,0.0,0.0,0.0,0.0,0.0,0.0
2011,12,2011-12-01,0,0.0,0.0,0.0,0.0,0.0,5,0.0,0.0,0,0.0,0,0.0,0.0,0.0,0.0,0,0.0,0.0,0,0.0,0.0,0.0,0.0,0.0,0.0,0.0,0.0,0.0,1.0,0.0,0.0,0.0
2012,1,2012-01-01,31,6.0,19.0,12.0,0.0,16.0,0,10.0,5.0,30,0.0,12,31.0,66.0,6.0,18.0,0,7.0,0.0,36,3.0,10.0,6.0,7.0,2.0,9.0,25.0,1.0,0.0,0.0,10.0,40.0,0.0
2012,2,2012-02-01,2,1.0,0.0,12.0,0.0,1.0,0,1.0,5.0,1,0.0,0,4.0,18.0,0.0,0.0,0,2.0,0.0,14,0.0,0.0,0.0,2.0,0.0,0.0,16.0,0.0,0.0,0.0,0.0,13.0,0.0
2012,3,2012-03-01,11,8.0,0.0,30.0,30.0,13.0,109,37.0,3.0,4,8.0,5,5.0,1.0,44.0,1.0,91,2.0,52.0,0,17.0,101.0,6.0,48.0,28.0,49.0,1.0,24.0,22.0,37.0,2.0,8.0,31.0
2012,4,2012-04-01,223,191.0,74.0,194.0,192.0,195.0,148,269.0,57.0,168,267.0,51,82.0,52.0,267.0,202.0,284,191.0,314.0,94,290.0,659.0,123.0,80.0,388.0,96.0,170.0,352.0,142.0,135.0,106.0,85.0,231.0
2012,5,2012-05-01,105,96.0,94.0,121.0,188.0,209.0,254,137.0,79.0,109,317.0,69,36.0,63.0,286.0,85.0,187,212.0,226.0,72,268.0,406.0,17.0,79.0,138.0,128.0,110.0,251.0,154.0,251.0,171.0,61.0,114.0
2012,6,2012-06-01,205,233.0,147.0,279.0,1337.0,442.0,1102,175.0,380.0,128,538.0,177,221.0,255.0,483.0,241.0,834,369.0,753.0,199,518.0,1185.0,137.0,287.0,723.0,415.0,144.0,954.0,1431.0,1178.0,246.0,193.0,1268.0
2012,7,2012-07-01,275,323.0,186.0,298.0,788.0,282.0,1130,226.0,435.0,252,738.0,215,334.0,391.0,431.0,409.0,489,445.0,1399.0,239,125.0,700.0,314.0,392.0,568.0,639.0,377.0,1274.0,1349.0,1688.0,241.0,359.0,662.0
2012,8,2012-08-01,270,285.0,164.0,452.0,299.0,373.0,801,282.0,106.0,221,501.0,97,187.0,254.0,442.0,238.0,297,187.0,889.0,314,353.0,738.0,179.0,439.0,390.0,392.0,203.0,567.0,933.0,527.0,204.0,449.0,300.0
2012,9,2012-09-01,381,191.0,345.0,137.0,170.0,178.0,302,81.0,349.0,165,377.0,178,271.0,374.0,322.0,221.0,268,405.0,182.0,282,139.0,261.0,178.0,348.0,274.0,562.0,216.0,234.0,496.0,260.0,319.0,420.0,221.0
2012,10,2012-10-01,70,123.0,74.0,128.0,636.0,115.0,263,38.0,91.0,83,244.0,157,71.0,89.0,156.0,45.0,344,57.0,263.0,95,193.0,502.0,102.0,142.0,356.0,259.0,197.0,256.0,319.0,554.0,75.0,114.0,445.0
2012,11,2012-11-01,44,35.0,36.0,92.0,3.0,102.0,14,68.0,1.0,111,13.0,86,61.0,80.0,29.0,19.0,23,0.0,3.0,105,21.0,48.0,101.0,71.0,18.0,69.0,86.0,19.0,23.0,47.0,94.0,34.0,3.0
2012,12,2012-12-01,0,1.0,1.0,2.0,0.0,3.0,0,5.0,0.0,7,2.0,15,2.0,2.0,0.0,0.0,0,0.0,0.0,8,0.0,0.0,1.0,0.0,0.0,10.0,1.0,1.0,0.0,0.0,1.0,8.0,0.0
2013,1,2013-01-01,0,0.0,0.0,0.0,0.0,0.0,0,0.0,0.0,0,0.0,1,6.0,1.0,0.0,0.0,0,0.0,0.0,5,0.0,0.0,0.0,1.0,0.0,0.0,0.0,0.0,0.0,0.0,0.0,0.0,0.0
2013,2,2013-02-01,6,9.0,22.0,3.0,0.0,3.0,0,8.0,10.0,12,4.0,14,15.0,7.0,8.0,18.0,2,14.0,0.0,12,9.0,7.0,22.0,4.0,3.0,1.0,6.0,0.0,0.0,1.0,13.0,5.0,1.0
2013,3,2013-03-01,5,0.0,3.0,15.0,3.0,30.0,0,26.0,0.0,12,0.0,0,8.0,19.0,4.0,21.0,2,4.0,0.0,37,31.0,16.0,12.0,0.0,26.0,0.0,15.0,13.0,0.0,0.0,3.0,2.0,5.0
2013,4,2013-04-01,64,28.0,0.0,135.0,58.0,28.0,54,32.0,99.0,55,50.0,69,63.0,62.0,65.0,69.0,83,115.0,52.0,29,104.0,229.0,51.0,27.0,17.0,0.0,29.0,57.0,34.0,85.0,60.0,28.0,58.0
2013,5,2013-05-01,701,655.0,152.0,670.0,773.0,467.0,700,378.0,133.0,380,842.0,182,278.0,430.0,671.0,308.0,435,383.0,570.0,310,783.0,959.0,188.0,637.0,533.0,727.0,751.0,470.0,753.0,1088.0,293.0,359.0,469.0
2013,6,2013-06-01,277,270.0,204.0,497.0,513.0,214.0,876,325.0,370.0,291,592.0,264,203.0,212.0,658.0,267.0,280,327.0,560.0,245,301.0,729.0,178.0,333.0,493.0,395.0,199.0,569.0,821.0,1058.0,213.0,244.0,504.0
2013,7,2013-07-01,377,327.0,283.0,225.0,405.0,276.0,772,302.0,255.0,198,544.0,130,249.0,313.0,482.0,318.0,274,296.0,441.0,266,294.0,567.0,101.0,552.0,382.0,640.0,309.0,333.0,1127.0,818.0,106.0,401.0,391.0
2013,8,2013-08-01,398,477.0,256.0,331.0,267.0,243.0,1000,212.0,469.0,264,677.0,218,309.0,482.0,583.0,343.0,200,268.0,746.0,215,420.0,520.0,254.0,411.0,468.0,403.0,274.0,390.0,851.0,642.0,238.0,287.0,243.0
2013,9,2013-09-01,312,228.0,99.0,502.0,173.0,255.0,237,138.0,182.0,225,435.0,121,322.0,278.0,355.0,132.0,476,229.0,573.0,296,241.0,347.0,238.0,412.0,373.0,536.0,365.0,496.0,329.0,296.0,126.0,219.0,305.0
2013,10,2013-10-01,181,200.0,200.0,167.0,369.0,124.0,420,131.0,309.0,202,292.0,130,223.0,260.0,218.0,263.0,198,280.0,241.0,247,159.0,451.0,204.0,281.0,193.0,418.0,200.0,269.0,271.0,215.0,128.0,286.0,403.0
2013,11,2013-11-01,0,0.0,0.0,0.0,0.0,0.0,0,0.0,0.0,0,0.0,0,0.0,0.0,0.0,0.0,0,0.0,0.0,0,5.0,0.0,0.0,0.0,0.0,0.0,4.0,1.0,0.0,0.0,0.0,0.0,0.0
2013,12,2013-12-01,0,0.0,0.0,0.0,0.0,3.0,0,4.0,0.0,0,0.0,0,0.0,0.0,0.0,0.0,0,0.0,0.0,0,5.0,0.0,0.0,0.0,0.0,0.0,0.0,0.0,0.0,0.0,2.0,0.0,0.0
2014,1,2014-01-01,0,0.0,0.0,0.0,0.0,0.0,0,0.0,0.0,0,0.0,3,0.0,0.0,0.0,0.0,0,0.0,0.0,0,0.0,0.0,0.0,0.0,0.0,0.0,0.0,0.0,0.0,0.0,0.0,0.0,0.0
2014,2,2014-02-01,15,16.0,46.0,20.0,37.0,8.0,29,12.0,31.0,12,27.0,33,19.0,24.0,20.0,42.0,23,26.0,34.0,31,13.0,34.0,27.0,3.0,14.0,31.0,12.0,25.0,22.0,48.0,24.0,35.0,40.0
2014,3,2014-03-01,13,14.0,8.0,4.0,18.0,17.0,1,10.0,2.0,0,14.0,32,10.0,5.0,58.0,24.0,17,1.0,32.0,36,49.0,78.0,12.0,2.0,21.0,3.0,7.0,21.0,0.0,4.0,24.0,2.0,32.0
2014,4,2014-04-01,0,9.0,43.0,40.0,43.0,16.0,4,80.0,3.0,29,2.0,19,0.0,0.0,42.0,78.0,1,15.0,33.0,0,96.0,118.0,51.0,14.0,5.0,7.0,25.0,27.0,1.0,55.0,47.0,2.0,30.0
2014,5,2014-05-01,235,129.0,196.0,179.0,304.0,195.0,139,147.0,186.0,191,158.0,129,165.0,118.0,215.0,160.0,339,214.0,218.0,162,380.0,540.0,151.0,301.0,243.0,189.0,175.0,194.0,78.0,103.0,127.0,222.0,368.0
2014,6,2014-06-01,341,479.0,585.0,509.0,1494.0,394.0,677,342.0,257.0,446,916.0,525,286.0,447.0,710.0,342.0,610,255.0,1167.0,330,457.0,724.0,188.0,406.0,701.0,342.0,362.0,995.0,887.0,1055.0,585.0,308.0,1235.0
2014,7,2014-07-01,277,299.0,211.0,319.0,395.0,227.0,717,212.0,293.0,246,702.0,182,435.0,394.0,557.0,303.0,161,110.0,549.0,243,332.0,316.0,242.0,543.0,370.0,460.0,209.0,508.0,894.0,620.0,239.0,302.0,389.0
2014,8,2014-08-01,253,496.0,226.0,258.0,692.0,418.0,611,391.0,181.0,381,603.0,249,180.0,258.0,667.0,559.0,294,362.0,960.0,175,394.0,797.0,359.0,349.0,603.0,441.0,308.0,757.0,1022.0,545.0,234.0,221.0,599.0
2014,9,2014-09-01,254,269.0,329.0,346.0,363.0,296.0,264,156.0,424.0,165,435.0,179,186.0,205.0,434.0,410.0,316,599.0,414.0,242,487.0,732.0,153.0,279.0,456.0,270.0,257.0,350.0,507.0,449.0,320.0,280.0,355.0
2014,10,2014-10-01,66,51.0,64.0,98.0,104.0,64.0,41,49.0,21.0,82,269.0,89,37.0,10.0,108.0,16.0,152,53.0,58.0,79,74.0,33.0,5.0,131.0,97.0,133.0,81.0,87.0,65.0,80.0,41.0,136.0,107.0
2014,11,2014-11-01,0,0.0,0.0,1.0,0.0,0.0,0,0.0,0.0,0,2.0,0,0.0,0.0,2.0,0.0,10,0.0,3.0,0,0.0,0.0,0.0,0.0,0.0,0.0,0.0,0.0,30.0,1.0,0.0,0.0,1.0
2014,12,2014-12-01,0,0.0,0.0,0.0,0.0,0.0,0,0.0,0.0,0,0.0,0,0.0,0.0,0.0,0.0,0,0.0,0.0,0,0.0,0.0,0.0,0.0,0.0,1.0,0.0,0.0,1.0,0.0,0.0,0.0,0.0
2015,1,2015-01-01,3,1.0,12.0,3.0,6.0,1.0,10,3.0,25.0,6,14.0,0,2.0,41.0,1.0,15.0,0,25.0,3.0,59,5.0,16.0,14.0,9.0,1.0,8.0,9.0,3.0,11.0,16.0,0.0,18.0,4.0
2015,2,2015-02-01,24,10.0,72.0,29.0,0.0,24.0,0,17.0,3.0,21,7.0,8,93.0,35.0,3.0,19.0,0,24.0,0.0,10,48.0,40.0,14.0,4.0,0.0,15.0,21.0,0.0,0.0,0.0,8.0,3.0,0.0
2015,3,2015-03-01,18,42.0,21.0,11.0,18.0,11.0,16,4.0,28.0,2,65.0,38,25.0,28.0,32.0,1.0,52,15.0,17.0,32,26.0,28.0,39.0,33.0,15.0,18.0,20.0,5.0,0.0,4.0,14.0,23.0,18.0
2015,4,2015-04-01,135,96.0,202.0,175.0,218.0,206.0,72,166.0,91.0,159,243.0,111,108.0,107.0,174.0,203.0,238,123.0,188.0,167,376.0,539.0,144.0,179.0,118.0,102.0,153.0,168.0,111.0,188.0,253.0,95.0,292.0
2015,5,2015-05-01,72,76.0,220.0,160.0,92.0,187.0,96,185.0,376.0,147,107.0,147,125.0,128.0,117.0,212.0,130,298.0,182.0,16,511.0,747.0,177.0,38.0,254.0,41.0,127.0,209.0,127.0,81.0,158.0,98.0,110.0
2015,6,2015-06-01,641,707.0,310.0,675.0,713.0,286.0,1573,375.0,273.0,347,900.0,332,379.0,318.0,693.0,502.0,562,524.0,764.0,226,230.0,857.0,285.0,648.0,374.0,610.0,389.0,761.0,1695.0,1034.0,498.0,396.0,699.0
2015,7,2015-07-01,785,743.0,213.0,872.0,1555.0,820.0,1400,623.0,328.0,540,1281.0,394,561.0,922.0,978.0,329.0,1035,234.0,1480.0,681,579.0,644.0,353.0,1033.0,1128.0,1092.0,569.0,1304.0,1710.0,1517.0,408.0,891.0,1466.0
2015,8,2015-08-01,254,416.0,293.0,500.0,568.0,188.0,657,395.0,590.0,304,471.0,254,281.0,353.0,464.0,413.0,714,687.0,532.0,229,421.0,754.0,127.0,595.0,487.0,604.0,246.0,592.0,824.0,666.0,318.0,270.0,586.0
2015,9,2015-09-01,352,372.0,198.0,249.0,331.0,377.0,618,346.0,251.0,215,619.0,213,247.0,293.0,571.0,308.0,386,484.0,476.0,308,186.0,832.0,254.0,374.0,478.0,433.0,301.0,548.0,710.0,452.0,185.0,284.0,390.0
2015,10,2015-10-01,128,178.0,40.0,128.0,193.0,44.0,207,51.0,0.0,80,585.0,82,43.0,83.0,165.0,78.0,213,3.0,362.0,57,104.0,53.0,7.0,157.0,243.0,166.0,37.0,213.0,201.0,220.0,26.0,21.0,349.0
2015,11,2015-11-01,19,6.0,0.0,0.0,7.0,1.0,40,0.0,0.0,0,52.0,3,0.0,3.0,0.0,4.0,10,0.0,7.0,0,21.0,4.0,6.0,6.0,1.0,43.0,0.0,3.0,44.0,40.0,0.0,4.0,4.0
2015,12,2015-12-01,3,2.0,0.0,2.0,12.0,10.0,27,1.0,0.0,6,16.0,2,3.0,6.0,11.0,0.0,2,0.0,13.0,7,11.0,7.0,1.0,22.0,0.0,19.0,5.0,5.0,14.0,35.0,3.0,7.0,9.0
2016,1,2016-01-01,1,2.0,15.0,0.0,5.0,1.0,0,3.0,11.0,2,4.0,30,,0.0,2.0,19.0,3,12.0,3.0,3,2.0,11.0,42.0,12.0,0.0,6.0,3.0,3.0,0.0,9.0,8.0,16.0,2.0
2016,2,2016-02-01,31,31.0,0.0,33.0,6.0,47.0,0,13.0,0.0,16,34.0,12,,97.0,32.0,8.0,85,0.0,13.0,136,131.0,28.0,3.0,53.0,51.0,13.0,84.0,285.0,0.0,4.0,15.0,53.0,17.0
2016,3,2016-03-01,8,24.0,2.0,12.0,77.0,72.0,25,55.0,25.0,24,50.0,112,,5.0,83.0,47.0,11,123.0,161.0,7,94.0,134.0,25.0,3.0,116.0,3.0,14.0,55.0,20.0,65.0,26.0,20.0,65.0
2016,4,2016-04-01,51,34.0,28.0,19.0,39.0,118.0,22,55.0,26.0,57,40.0,52,,54.0,63.0,111.0,29,49.0,34.0,14,303.0,1004.0,175.0,42.0,25.0,22.0,65.0,65.0,22.0,14.0,45.0,21.0,36.0
2016,5,2016-05-01,438,473.0,251.0,520.0,253.0,448.0,359,212.0,221.0,222,314.0,177,,350.0,467.0,326.0,274,313.0,360.0,235,475.0,703.0,212.0,454.0,450.0,582.0,364.0,328.0,346.0,318.0,182.0,270.0,274.0
2016,6,2016-06-01,318,328.0,84.0,296.0,201.0,210.0,538,212.0,129.0,281,430.0,136,,353.0,304.0,391.0,513,390.0,392.0,184,387.0,657.0,109.0,387.0,428.0,367.0,182.0,323.0,867.0,329.0,126.0,366.0,268.0
2016,7,2016-07-01,497,378.0,327.0,539.0,568.0,557.0,1113,405.0,446.0,500,984.0,240,,413.0,564.0,518.0,405,749.0,1095.0,226,185.0,531.0,376.0,677.0,634.0,770.0,423.0,631.0,1351.0,872.0,359.0,538.0,583.0
2016,8,2016-08-01,574,567.0,132.0,510.0,398.0,277.0,472,171.0,119.0,305,637.0,132,,646.0,528.0,106.0,239,118.0,565.0,202,307.0,396.0,168.0,521.0,439.0,424.0,422.0,359.0,920.0,573.0,101.0,544.0,390.0
2016,9,2016-09-01,286,277.0,135.0,151.0,323.0,143.0,309,138.0,473.0,125,348.0,381,,148.0,340.0,409.0,214,285.0,434.0,131,207.0,561.0,170.0,203.0,439.0,225.0,295.0,378.0,512.0,377.0,141.0,76.0,386.0
2016,10,2016-10-01,55,173.0,107.0,135.0,249.0,111.0,418,76.0,199.0,89,589.0,42,,81.0,285.0,32.0,139,120.0,431.0,167,227.0,158.0,95.0,254.0,323.0,219.0,71.0,217.0,208.0,262.0,124.0,159.0,157.0
2016,11,2016-11-01,92,173.0,0.0,135.0,89.0,190.0,41,25.0,0.0,28,238.0,2,,75.0,170.0,1.0,120,0.0,255.0,40,228.0,108.0,0.0,145.0,186.0,153.0,60.0,109.0,53.0,102.0,4.0,55.0,96.0
2016,12,2016-12-01,0,0.0,0.0,0.0,0.0,0.0,0,0.0,11.0,0,0.0,0,,0.0,0.0,0.0,0,6.0,0.0,0,0.0,5.0,0.0,0.0,0.0,0.0,0.0,0.0,0.0,0.0,0.0,0.0,0.0
