year,month,Barisal,Bhola,Bogra,CoxsBazar,Dhaka,Faridpur,Ishurdi,Mymensingh,Rajshahi,Rangamati,Rangpur,Satkhira,Sylhet
1975,1,0.0,0.0,4.0,0.0,1.0,0.0,4.0,0.0,9.0,0.0,2.0,6.0,0.0
1975,2,1.0,16.0,6.0,0.0,29.0,19.0,0.0,0.0,5.0,0.0,6.0,35.0,31.0
1975,3,0.0,0.0,24.0,0.0,13.0,0.0,11.0,0.0,12.0,6.0,3.0,0.0,64.0
1975,4,0.0,0.0,52.0,11.0,98.0,114.0,178.0,8.0,55.0,183.0,146.0,19.0,255.0
1975,5,230.0,161.0,223.0,254.0,317.0,256.0,138.0,3.0,109.0,108.0,445.0,117.0,567.0
1975,6,353.0,428.0,112.0,484.0,235.0,210.0,200.0,0.0,71.0,508.0,116.0,219.0,0.0
1975,7,321.0,597.0,490.0,1293.0,559.0,581.0,624.0,0.0,381.0,649.0,468.0,692.0,1061.0
1975,8,351.0,252.0,107.0,462.0,307.0,234.0,225.0,17.0,179.0,262.0,164.0,0.0,737.0
1975,9,0.0,320.0,204.0,280.0,329.0,293.0,177.0,0.0,197.0,220.0,290.0,152.0,466.0
1975,10,150.0,263.0,209.0,667.0,232.0,244.0,178.0,0.0,125.0,195.0,123.0,138.0,171.0
1975,11,44.0,149.0,1.0,300.0,25.0,18.0,60.0,0.0,1.0,115.0,0.0,13.0,92.0
1975,12,0.0,0.0,0.0,25.0,0.0,0.0,0.0,0.0,0.0,0.0,0.0,0.0,0.0
1976,1,0.0,0.0,0.0,0.0,0.0,0.0,0.0,0.0,0.0,0.0,0.0,0.0,0.0
1976,2,20.0,45.0,11.0,0.0,7.0,18.0,17.0,8.0,10.0,0.0,0.0,62.0,11.0
1976,3,2.0,1.0,22.0,0.0,117.0,0.0,8.0,0.0,4.0,0.0,1.0,0.0,323.0
1976,4,100.0,86.0,45.0,86.0,34.0,103.0,23.0,84.0,10.0,123.0,116.0,116.0,97.0
1976,5,164.0,281.0,157.0,244.0,459.0,403.0,352.0,237.0,235.0,181.0,203.0,188.0,437.0
1976,6,330.0,414.0,396.0,889.0,627.0,315.0,496.0,394.0,234.0,874.0,427.0,0.0,1155.0
1976,7,350.0,530.0,429.0,50.0,346.0,598.0,790.0,577.0,242.0,783.0,500.0,418.0,1096.0
1976,8,379.0,669.0,453.0,671.0,361.0,250.0,499.0,475.0,389.0,377.0,436.0,237.0,880.0
1976,9,305.0,212.0,296.0,49.0,165.0,156.0,332.0,195.0,257.0,389.0,157.0,172.0,224.0
1976,10,147.0,153.0,69.0,235.0,114.0,81.0,89.0,135.0,45.0,160.0,54.0,84.0,260.0
1976,11,23.0,42.0,4.0,275.0,8.0,0.0,3.0,0.0,1.0,143.0,1.0,18.0,45.0
1976,12,25.0,0.0,0.0,0.0,0.0,0.0,0.0,0.0,0.0,0.0,0.0,0.0,0.0
1977,1,9.0,60.0,0.0,0.0,0.0,4.0,0.0,12.0,4.0,20.0,0.0,1.0,16.0
1977,2,36.0,64.0,0.0,22.0,66.0,18.0,0.0,119.0,19.0,29.0,0.0,84.0,43.0
1977,3,0.0,0.0,0.0,0.0,71.0,0.0,0.0,0.0,0.0,0.0,0.0,0.0,133.0
1977,4,307.0,436.0,0.0,566.0,255.0,263.0,272.0,327.0,229.0,389.0,140.0,132.0,759.0
1977,5,157.0,319.0,0.0,354.0,381.0,175.0,257.0,729.0,241.0,250.0,320.0,192.0,387.0
1977,6,557.0,672.0,0.0,930.0,252.0,762.0,1167.0,794.0,543.0,502.0,550.0,485.0,787.0
1977,7,299.0,462.0,365.0,1077.0,306.0,323.0,518.0,250.0,399.0,520.0,384.0,621.0,516.0
1977,8,138.0,309.0,173.0,649.0,92.0,142.0,228.0,176.0,157.0,487.0,334.0,258.0,743.0
1977,9,237.0,327.0,169.0,239.0,131.0,190.0,75.0,189.0,121.0,164.0,101.0,176.0,104.0
1977,10,69.0,89.0,157.0,25.0,273.0,150.0,157.0,196.0,162.0,67.0,155.0,75.0,397.0
1977,11,53.0,137.0,48.0,53.0,10.0,8.0,1.0,36.0,10.0,44.0,0.0,23.0,54.0
1977,12,0.0,0.0,24.0,31.0,24.0,4.0,67.0,19.0,33.0,0.0,12.0,17.0,4.0
1978,1,0.0,0.0,2.0,0.0,0.0,0.0,0.0,0.0,1.0,0.0,0.0,0.0,0.0
1978,2,0.0,0.0,0.0,0.0,20.0,13.0,0.0,0.0,46.0,0.0,0.0,10.0,0.0
1978,3,14.0,1.0,25.0,0.0,18.0,19.0,34.0,46.0,62.0,0.0,8.0,32.0,50.0
1978,4,242.0,189.0,155.0,270.0,194.0,42.0,158.0,119.0,93.0,0.0,150.0,100.0,199.0
1978,5,387.0,517.0,374.0,518.0,454.0,205.0,266.0,405.0,104.0,385.0,289.0,198.0,791.0
1978,6,631.0,512.0,654.0,621.0,529.0,401.0,282.0,509.0,492.0,713.0,394.0,229.0,870.0
1978,7,409.0,514.0,306.0,535.0,320.0,9.0,104.0,475.0,126.0,332.0,530.0,328.0,722.0
1978,8,403.0,586.0,191.0,571.0,426.0,192.0,0.0,124.0,149.0,336.0,196.0,312.0,256.0
1978,9,300.0,438.0,161.0,479.0,192.0,203.0,246.0,213.0,545.0,441.0,511.0,728.0,335.0
1978,10,127.0,116.0,2.0,187.0,98.0,46.0,44.0,33.0,92.0,164.0,60.0,157.0,171.0
1978,11,3.0,6.0,0.0,0.0,0.0,0.0,0.0,0.0,24.0,2.0,7.0,24.0,2.0
1978,12,0.0,0.0,0.0,0.0,0.0,0.0,0.0,0.0,0.0,0.0,0.0,0.0,0.0
1979,1,1.0,0.0,9.0,0.0,3.0,9.0,24.0,0.0,45.0,0.0,1.0,48.0,0.0
1979,2,14.0,0.0,15.0,0.0,13.0,27.0,25.0,2.0,17.0,2.0,15.0,0.0,7.0
1979,3,30.0,0.0,10.0,0.0,6.0,65.0,5.0,6.0,2.0,0.0,4.0,14.0,58.0
1979,4,38.0,0.0,95.0,3.0,17.0,22.0,18.0,45.0,35.0,61.0,36.0,10.0,119.0
1979,5,67.0,0.0,38.0,22.0,114.0,14.0,4.0,195.0,13.0,172.0,137.0,47.0,356.0
1979,6,453.0,0.0,145.0,35.0,258.0,467.0,373.0,184.0,46.0,519.0,291.0,251.0,929.0
1979,7,559.0,0.0,725.0,195.0,267.0,296.0,432.0,220.0,492.0,710.0,677.0,295.0,1322.0
1979,8,642.0,0.0,641.0,332.0,525.0,377.0,463.0,125.0,275.0,605.0,510.0,319.0,288.0
1979,9,316.0,0.0,463.0,102.0,382.0,278.0,163.0,100.0,379.0,355.0,202.0,90.0,587.0
1979,10,127.0,0.0,45.0,17.0,146.0,181.0,6.0,52.0,188.0,63.0,132.0,69.0,249.0
1979,11,31.0,0.0,27.0,0.0,55.0,36.0,33.0,18.0,28.0,81.0,0.0,0.0,6.0
1979,12,47.0,0.0,14.0,10.0,51.0,37.0,10.0,11.0,28.0,36.0,43.0,31.0,33.0
1980,1,0.0,0.0,9.0,0.0,3.0,3.0,13.0,2.0,29.0,10.0,3.0,3.0,0.0
1980,2,55.0,144.0,3.0,2.0,32.0,99.0,6.0,11.0,12.0,76.0,14.0,166.0,33.0
1980,3,47.0,144.0,15.0,27.0,54.0,54.0,6.0,16.0,69.0,90.0,22.0,74.0,114.0
1980,4,13.0,42.0,69.0,0.0,147.0,98.0,0.0,84.0,0.0,41.0,38.0,11.0,519.0
1980,5,235.0,749.0,263.0,117.0,414.0,397.0,381.0,723.0,156.0,628.0,354.0,99.0,758.0
1980,6,272.0,435.0,326.0,258.0,323.0,341.0,269.0,289.0,349.0,435.0,426.0,192.0,457.0
1980,7,526.0,678.0,410.0,185.0,380.0,312.0,206.0,309.0,281.0,997.0,276.0,0.0,449.0
1980,8,297.0,308.0,237.0,267.0,269.0,243.0,101.0,464.0,316.0,448.0,579.0,209.0,307.0
1980,9,192.0,180.0,195.0,0.0,296.0,213.0,248.0,214.0,215.0,249.0,340.0,104.0,154.0
1980,10,282.0,322.0,89.0,0.0,300.0,290.0,210.0,209.0,149.0,279.0,68.0,110.0,489.0
1980,11,0.0,0.0,0.0,0.0,0.0,22.0,0.0,0.0,0.0,0.0,0.0,0.0,0.0
1980,12,0.0,0.0,0.0,0.0,0.0,0.0,0.0,0.0,0.0,0.0,0.0,0.0,0.0
1981,1,24.0,51.0,32.0,31.0,10.0,10.0,30.0,12.0,71.0,0.0,20.0,31.0,21.0
1981,2,43.0,16.0,20.0,0.0,42.0,58.0,81.0,48.0,49.0,0.0,10.0,40.0,39.0
1981,3,115.0,119.0,25.0,40.0,109.0,140.0,64.0,51.0,26.0,0.0,13.0,120.0,109.0
1981,4,412.0,415.0,189.0,219.0,274.0,357.0,360.0,280.0,240.0,230.0,137.0,264.0,420.0
1981,5,280.0,258.0,240.0,240.0,272.0,263.0,323.0,369.0,290.0,344.0,432.0,180.0,1000.0
1981,6,433.0,556.0,193.0,705.0,168.0,283.0,223.0,103.0,159.0,337.0,104.0,200.0,351.0
1981,7,521.0,561.0,379.0,839.0,356.0,422.0,478.0,683.0,574.0,262.0,0.0,570.0,1113.0
1981,8,217.0,378.0,278.0,445.0,188.0,740.0,211.0,262.0,340.0,447.0,0.0,289.0,747.0
1981,9,173.0,265.0,301.0,438.0,320.0,199.0,423.0,278.0,398.0,371.0,0.0,273.0,464.0
1981,10,71.0,4.0,0.0,61.0,82.0,35.0,0.0,22.0,0.0,42.0,0.0,8.0,43.0
1981,11,0.0,0.0,0.0,5.0,9.0,0.0,0.0,0.0,3.0,24.0,0.0,0.0,0.0
1981,12,33.0,26.0,82.0,29.0,35.0,92.0,48.0,79.0,91.0,0.0,47.0,98.0,26.0
1982,1,0.0,0.0,0.0,0.0,0.0,0.0,0.0,0.0,0.0,0.0,0.0,0.0,0.0
1982,2,57.0,56.0,4.0,22.0,15.0,24.0,8.0,2.0,10.0,71.0,7.0,60.0,27.0
1982,3,17.0,16.0,32.0,13.0,81.0,63.0,81.0,65.0,80.0,0.0,5.0,31.0,80.0
1982,4,178.0,208.0,48.0,123.0,104.0,126.0,133.0,124.0,139.0,84.0,100.0,112.0,732.0
1982,5,65.0,93.0,121.0,26.0,154.0,217.0,144.0,276.0,43.0,103.0,99.0,80.0,509.0
1982,6,465.0,515.0,234.0,1199.0,514.0,211.0,227.0,689.0,260.0,308.0,649.0,207.0,870.0
1982,7,223.0,261.0,360.0,866.0,136.0,210.0,201.0,582.0,189.0,229.0,473.0,206.0,807.0
1982,8,593.0,579.0,262.0,850.0,346.0,271.0,205.0,337.0,217.0,306.0,347.0,387.0,661.0
1982,9,219.0,246.0,120.0,483.0,258.0,147.0,155.0,243.0,66.0,299.0,455.0,230.0,513.0
1982,10,6.0,11.0,30.0,3.0,146.0,25.0,31.0,28.0,38.0,45.0,64.0,27.0,29.0
1982,11,34.0,29.0,11.0,119.0,51.0,116.0,67.0,8.0,60.0,7.0,1.0,19.0,5.0
1982,12,11.0,0.0,1.0,0.0,0.0,0.0,1.0,0.0,1.0,0.0,1.0,1.0,0.0
1983,1,8.0,10.0,7.0,8.0,14.0,4.0,15.0,9.0,1.0,0.0,6.0,17.0,1.0
1983,2,39.0,33.0,3.0,47.0,61.0,50.0,45.0,3.0,2.0,39.0,0.0,58.0,43.0
1983,3,18.0,17.0,31.0,19.0,138.0,87.0,54.0,66.0,4.0,101.0,46.0,22.0,387.0
1983,4,92.0,239.0,31.0,123.0,318.0,173.0,79.0,115.0,34.0,195.0,43.0,130.0,500.0
1983,5,318.0,434.0,355.0,261.0,348.0,320.0,368.0,512.0,121.0,441.0,272.0,202.0,580.0
1983,6,292.0,573.0,102.0,721.0,300.0,196.0,153.0,112.0,65.0,259.0,329.0,201.0,667.0
1983,7,399.0,526.0,248.0,1027.0,179.0,303.0,296.0,413.0,366.0,498.0,636.0,195.0,952.0
1983,8,575.0,490.0,274.0,888.0,437.0,550.0,277.0,865.0,505.0,753.0,339.0,423.0,858.0
1983,9,312.0,353.0,308.0,347.0,322.0,173.0,210.0,281.0,149.0,199.0,258.0,253.0,536.0
1983,10,192.0,400.0,378.0,379.0,253.0,375.0,157.0,453.0,358.0,275.0,281.0,290.0,278.0
1983,11,48.0,41.0,5.0,290.0,0.0,0.0,7.0,0.0,0.0,166.0,0.0,4.0,0.0
1983,12,19.0,32.0,26.0,44.0,18.0,20.0,22.0,11.0,24.0,37.0,28.0,5.0,20.0
1984,1,16.0,9.0,11.0,3.0,13.0,5.0,11.0,13.0,31.0,13.0,28.0,41.0,8.0
1984,2,0.0,0.0,16.0,0.0,1.0,0.0,0.0,0.0,1.0,0.0,4.0,1.0,4.0
1984,3,1.0,0.0,6.0,0.0,5.0,54.0,0.0,15.0,0.0,0.0,17.0,0.0,54.0
1984,4,102.0,130.0,48.0,66.0,124.0,78.0,101.0,28.0,10.0,45.0,116.0,102.0,296.0
1984,5,283.0,230.0,388.0,329.0,707.0,473.0,191.0,476.0,94.0,625.0,545.0,126.0,900.0
1984,6,1025.0,919.0,539.0,1275.0,637.0,822.0,450.0,512.0,325.0,449.0,989.0,656.0,596.0
1984,7,448.0,445.0,431.0,731.0,694.0,337.0,316.0,689.0,294.0,345.0,812.0,325.0,820.0
1984,8,431.0,464.0,272.0,817.0,311.0,288.0,253.0,257.0,321.0,371.0,376.0,351.0,336.0
1984,9,224.0,297.0,404.0,280.0,478.0,313.0,272.0,468.0,297.0,200.0,684.0,178.0,801.0
1984,10,118.0,144.0,186.0,127.0,58.0,139.0,104.0,221.0,202.0,82.0,172.0,72.0,300.0
1984,11,0.0,0.0,0.0,0.0,0.0,35.0,0.0,0.0,0.0,0.0,0.0,0.0,23.0
1984,12,1.0,0.0,2.0,4.0,0.0,0.0,0.0,0.0,0.0,1.0,5.0,1.0,48.0
1985,1,1.0,3.0,0.0,6.0,8.0,2.0,2.0,9.0,4.0,1.0,0.0,12.0,0.0
1985,2,2.0,3.0,4.0,1.0,1.0,2.0,0.0,37.0,7.0,0.0,33.0,6.0,27.0
1985,3,45.0,67.0,1.0,13.0,195.0,134.0,19.0,2.0,3.0,56.0,44.0,38.0,208.0
1985,4,64.0,80.0,54.0,68.0,176.0,175.0,35.0,190.0,71.0,35.0,237.0,75.0,541.0
1985,5,226.0,438.0,272.0,474.0,300.0,208.0,155.0,260.0,190.0,183.0,352.0,146.0,368.0
1985,6,322.0,326.0,459.0,652.0,399.0,219.0,212.0,94.0,232.0,413.0,569.0,291.0,1083.0
1985,7,291.0,298.0,235.0,807.0,262.0,217.0,220.0,251.0,274.0,506.0,770.0,208.0,670.0
1985,8,308.0,287.0,164.0,530.0,317.0,214.0,182.0,250.0,146.0,422.0,331.0,314.0,382.0
1985,9,180.0,238.0,365.0,259.0,306.0,255.0,221.0,357.0,233.0,103.0,398.0,271.0,596.0
1985,10,198.0,52.0,135.0,61.0,79.0,56.0,132.0,104.0,77.0,35.0,127.0,143.0,114.0
1985,11,8.0,24.0,2.0,350.0,0.0,0.0,0.0,0.0,3.0,93.0,0.0,0.0,0.0
1985,12,0.0,0.0,2.0,0.0,10.0,0.0,0.0,5.0,12.0,6.0,21.0,0.0,22.0
1986,1,6.0,10.0,3.0,0.0,22.0,3.0,3.0,0.0,3.0,0.0,0.0,13.0,4.0
1986,2,0.0,0.0,4.0,0.0,0.0,0.0,10.0,4.0,12.0,0.0,0.0,0.0,2.0
1986,3,7.0,1.0,0.0,0.0,23.0,4.0,5.0,0.0,19.0,0.0,2.0,8.0,41.0
1986,4,102.0,202.0,128.0,51.0,247.0,220.0,53.0,402.0,93.0,208.0,106.0,36.0,380.0
1986,5,181.0,308.0,210.0,141.0,191.0,189.0,78.0,195.0,81.0,93.0,265.0,175.0,225.0
1986,6,254.0,288.0,163.0,921.0,304.0,228.0,138.0,285.0,175.0,341.0,383.0,257.0,449.0
1986,7,381.0,458.0,446.0,799.0,443.0,357.0,372.0,673.0,262.0,782.0,452.0,370.0,646.0
1986,8,252.0,386.0,225.0,328.0,171.0,209.0,198.0,270.0,238.0,469.0,283.0,259.0,586.0
1986,9,526.0,563.0,462.0,322.0,687.0,831.0,438.0,665.0,406.0,283.0,518.0,685.0,494.0
1986,10,135.0,159.0,467.0,233.0,237.0,127.0,165.0,377.0,190.0,115.0,196.0,209.0,454.0
1986,11,274.0,236.0,19.0,114.0,172.0,149.0,29.0,86.0,27.0,145.0,27.0,181.0,106.0
1986,12,1.0,0.0,13.0,0.0,3.0,2.0,0.0,14.0,4.0,0.0,32.0,2.0,3.0
1987,1,4.0,1.0,0.0,1.0,4.0,0.0,2.0,3.0,0.0,3.0,0.0,2.0,2.0
1987,2,3.0,0.0,3.0,60.0,0.0,8.0,0.0,0.0,4.0,36.0,20.0,5.0,29.0
1987,3,8.0,20.0,17.0,9.0,33.0,38.0,25.0,20.0,12.0,96.0,84.0,15.0,184.0
1987,4,150.0,214.0,132.0,194.0,230.0,105.0,61.0,136.0,76.0,394.0,57.0,125.0,402.0
1987,5,96.0,139.0,178.0,50.0,109.0,157.0,133.0,258.0,102.0,99.0,155.0,91.0,222.0
1987,6,185.0,168.0,271.0,483.0,316.0,384.0,84.0,379.0,160.0,331.0,485.0,155.0,851.0
1987,7,568.0,660.0,525.0,1885.0,526.0,352.0,413.0,403.0,488.0,630.0,1314.0,375.0,1038.0
1987,8,683.0,893.0,623.0,1298.0,462.0,409.0,643.0,512.0,400.0,816.0,557.0,475.0,860.0
1987,9,302.0,182.0,145.0,410.0,363.0,456.0,243.0,385.0,193.0,435.0,353.0,328.0,922.0
1987,10,93.0,53.0,31.0,88.0,104.0,47.0,19.0,95.0,43.0,40.0,216.0,34.0,157.0
1987,11,37.0,20.0,19.0,102.0,7.0,14.0,3.0,17.0,5.0,100.0,6.0,9.0,41.0
1987,12,0.0,28.0,3.0,13.0,33.0,23.0,9.0,1.0,4.0,14.0,0.0,2.0,14.0
1988,1,0.0,0.0,0.0,0.0,0.0,0.0,0.0,0.0,1.0,0.0,0.0,0.0,0.0
1988,2,22.0,48.0,29.0,1.0,44.0,34.0,32.0,45.0,30.0,15.0,33.0,46.0,29.0
1988,3,65.0,68.0,63.0,13.0,74.0,98.0,65.0,115.0,36.0,79.0,37.0,45.0,133.0
1988,4,96.0,75.0,87.0,167.0,282.0,133.0,30.0,94.0,107.0,166.0,165.0,69.0,332.0
1988,5,393.0,381.0,349.0,337.0,513.0,511.0,313.0,734.0,139.0,355.0,285.0,227.0,1129.0
1988,6,565.0,706.0,756.0,1306.0,580.0,468.0,313.0,587.0,404.0,760.0,369.0,688.0,959.0
1988,7,422.0,417.0,486.0,777.0,255.0,241.0,292.0,586.0,301.0,679.0,451.0,262.0,738.0
1988,8,459.0,457.0,235.0,918.0,169.0,243.0,187.0,411.0,356.0,567.0,633.0,327.0,1157.0
1988,9,228.0,258.0,292.0,516.0,196.0,128.0,159.0,309.0,89.0,236.0,496.0,174.0,772.0
1988,10,101.0,149.0,43.0,182.0,213.0,169.0,82.0,195.0,94.0,234.0,19.0,19.0,169.0
1988,11,113.0,89.0,92.0,83.0,153.0,148.0,73.0,120.0,27.0,23.0,35.0,106.0,122.0
1988,12,0.0,0.0,1.0,77.0,3.0,10.0,2.0,13.0,0.0,17.0,1.0,0.0,80.0
1989,1,0.0,0.0,0.0,0.0,0.0,0.0,0.0,6.0,4.0,0.0,7.0,1.0,6.0
1989,2,14.0,13.0,16.0,6.0,32.0,5.0,41.0,17.0,8.0,11.0,18.0,0.0,33.0
1989,3,1.0,0.0,2.0,0.0,0.0,5.0,1.0,2.0,5.0,0.0,2.0,3.0,11.0
1989,4,89.0,67.0,0.0,160.0,85.0,124.0,0.0,23.0,2.0,240.0,0.0,52.0,312.0
1989,5,164.0,128.0,130.0,83.0,228.0,263.0,236.0,267.0,224.0,163.0,335.0,240.0,543.0
1989,6,206.0,540.0,253.0,766.0,319.0,242.0,65.0,340.0,190.0,210.0,219.0,236.0,870.0
1989,7,453.0,385.0,594.0,865.0,347.0,243.0,608.0,752.0,357.0,820.0,719.0,266.0,1342.0
1989,8,203.0,180.0,111.0,182.0,59.0,92.0,109.0,171.0,117.0,176.0,110.0,177.0,665.0
1989,9,413.0,378.0,273.0,460.0,305.0,277.0,174.0,406.0,332.0,413.0,414.0,201.0,1081.0
1989,10,451.0,251.0,30.0,516.0,240.0,178.0,85.0,284.0,78.0,563.0,48.0,194.0,524.0
1989,11,0.0,0.0,0.0,28.0,0.0,0.0,0.0,0.0,0.0,40.0,4.0,0.0,34.0
1989,12,0.0,0.0,4.0,0.0,12.0,9.0,3.0,6.0,8.0,0.0,2.0,0.0,1.0
1990,1,0.0,0.0,0.0,0.0,0.0,0.0,0.0,0.0,0.0,0.0,1.0,0.0,2.0
1990,2,79.0,84.0,27.0,69.0,36.0,36.0,70.0,83.0,34.0,22.0,57.0,47.0,45.0
1990,3,182.0,155.0,24.0,174.0,151.0,227.0,128.0,67.0,46.0,115.0,82.0,150.0,176.0
1990,4,139.0,118.0,41.0,135.0,154.0,156.0,157.0,116.0,97.0,336.0,134.0,25.0,574.0
1990,5,352.0,249.0,292.0,261.0,202.0,315.0,207.0,390.0,301.0,365.0,354.0,176.0,546.0
1990,6,386.0,358.0,378.0,1201.0,229.0,289.0,277.0,529.0,263.0,388.0,393.0,212.0,551.0
1990,7,457.0,370.0,499.0,1211.0,567.0,405.0,422.0,477.0,464.0,659.0,306.0,528.0,596.0
1990,8,299.0,287.0,265.0,277.0,227.0,145.0,235.0,237.0,238.0,176.0,396.0,279.0,582.0
1990,9,190.0,199.0,320.0,272.0,247.0,192.0,481.0,319.0,180.0,197.0,439.0,292.0,1023.0
1990,10,194.0,322.0,227.0,294.0,181.0,168.0,88.0,213.0,127.0,129.0,325.0,168.0,216.0
1990,11,70.0,83.0,4.0,255.0,103.0,48.0,34.0,7.0,17.0,91.0,0.0,44.0,40.0
1990,12,30.0,35.0,0.0,19.0,6.0,4.0,0.0,1.0,0.0,54.0,0.0,7.0,3.0
1991,1,10.0,17.0,4.0,4.0,27.0,27.0,2.0,2.0,6.0,9.0,38.0,34.0,10.0
1991,2,14.0,40.0,14.0,0.0,8.0,58.0,9.0,15.0,0.0,5.0,1.0,47.0,55.0
1991,3,38.0,37.0,8.0,22.0,46.0,59.0,28.0,44.0,19.0,19.0,1.0,50.0,60.0
1991,4,53.0,164.0,48.0,175.0,53.0,103.0,42.0,77.0,25.0,174.0,41.0,67.0,405.0
1991,5,191.0,162.0,416.0,210.0,529.0,265.0,173.0,679.0,157.0,578.0,302.0,28.0,1063.0
1991,6,562.0,745.0,240.0,1297.0,320.0,337.0,360.0,603.0,211.0,618.0,593.0,518.0,1203.0
1991,7,356.0,390.0,404.0,878.0,318.0,306.0,248.0,322.0,286.0,474.0,162.0,342.0,351.0
1991,8,369.0,396.0,207.0,782.0,345.0,186.0,189.0,238.0,96.0,606.0,264.0,324.0,437.0
1991,9,232.0,361.0,733.0,497.0,692.0,360.0,424.0,735.0,484.0,335.0,726.0,213.0,781.0
1991,10,497.0,412.0,105.0,211.0,392.0,350.0,141.0,520.0,122.0,103.0,106.0,103.0,173.0
1991,11,54.0,3.0,0.0,88.0,14.0,1.0,2.0,0.0,0.0,88.0,2.0,5.0,3.0
1991,12,16.0,17.0,112.0,13.0,106.0,104.0,79.0,77.0,92.0,14.0,27.0,37.0,79.0
1992,1,4.0,1.0,0.0,1.0,1.0,4.0,0.0,6.0,1.0,0.0,13.0,9.0,0.0
1992,2,98.0,126.0,14.0,45.0,47.0,61.0,40.0,36.0,33.0,93.0,10.0,115.0,55.0
1992,3,0.0,0.0,0.0,0.0,0.0,0.0,0.0,0.0,0.0,4.0,0.0,0.0,172.0
1992,4,1.0,0.0,30.0,1.0,25.0,5.0,18.0,20.0,16.0,31.0,89.0,8.0,129.0
1992,5,205.0,208.0,140.0,149.0,153.0,216.0,132.0,156.0,121.0,137.0,245.0,134.0,544.0
1992,6,190.0,275.0,202.0,767.0,132.0,238.0,73.0,270.0,85.0,428.0,348.0,208.0,666.0
1992,7,299.0,363.0,289.0,824.0,386.0,387.0,252.0,380.0,244.0,341.0,248.0,407.0,901.0
1992,8,326.0,211.0,159.0,451.0,182.0,209.0,207.0,155.0,185.0,239.0,367.0,284.0,374.0
1992,9,210.0,280.0,424.0,328.0,158.0,95.0,295.0,318.0,124.0,274.0,552.0,247.0,459.0
1992,10,98.0,144.0,108.0,237.0,83.0,121.0,38.0,241.0,29.0,154.0,129.0,95.0,203.0
1992,11,8.0,0.0,3.0,99.0,2.0,0.0,5.0,1.0,5.0,12.0,4.0,1.0,3.0
1992,12,0.0,1.0,0.0,6.0,0.0,0.0,3.0,1.0,0.0,15.0,2.0,0.0,0.0
1993,1,1.0,0.0,65.0,34.0,0.0,0.0,2.0,69.0,0.0,0.0,49.0,17.0,35.0
1993,2,35.0,44.0,8.0,86.0,52.0,57.0,6.0,13.0,5.0,151.0,0.0,57.0,149.0
1993,3,235.0,236.0,14.0,98.0,88.0,48.0,53.0,44.0,55.0,201.0,30.0,57.0,96.0
1993,4,216.0,116.0,58.0,96.0,113.0,179.0,120.0,183.0,70.0,139.0,62.0,71.0,261.0
1993,5,393.0,315.0,268.0,508.0,556.0,154.0,213.0,350.0,65.0,475.0,190.0,203.0,587.0
1993,6,390.0,631.0,466.0,835.0,504.0,514.0,299.0,811.0,477.0,784.0,633.0,290.0,1099.0
1993,7,410.0,473.0,432.0,677.0,421.0,223.0,248.0,512.0,247.0,959.0,499.0,251.0,1174.0
1993,8,493.0,480.0,266.0,736.0,432.0,352.0,189.0,478.0,177.0,730.0,572.0,235.0,471.0
1993,9,238.0,219.0,240.0,248.0,417.0,409.0,358.0,524.0,316.0,278.0,358.0,430.0,702.0
1993,10,134.0,46.0,95.0,165.0,217.0,320.0,102.0,229.0,157.0,152.0,91.0,160.0,153.0
1993,11,21.0,33.0,2.0,39.0,19.0,0.0,22.0,0.0,54.0,9.0,26.0,29.0,2.0
1993,12,0.0,0.0,0.0,0.0,0.0,0.0,0.0,0.0,0.0,0.0,0.0,0.0,0.0
1994,1,4.0,2.0,14.0,5.0,13.0,11.0,24.0,8.0,18.0,5.0,16.0,10.0,23.0
1994,2,13.0,13.0,26.0,18.0,54.0,31.0,45.0,59.0,36.0,6.0,29.0,30.0,43.0
1994,3,92.0,110.0,4.0,239.0,115.0,44.0,3.0,123.0,5.0,153.0,28.0,9.0,514.0
1994,4,101.0,60.0,32.0,237.0,201.0,134.0,31.0,77.0,31.0,207.0,49.0,169.0,326.0
1994,5,178.0,230.0,156.0,309.0,254.0,197.0,155.0,202.0,115.0,96.0,212.0,108.0,342.0
1994,6,571.0,559.0,305.0,1022.0,266.0,258.0,336.0,251.0,237.0,243.0,427.0,300.0,584.0
1994,7,202.0,328.0,165.0,768.0,153.0,246.0,111.0,227.0,171.0,316.0,202.0,426.0,757.0
1994,8,378.0,355.0,208.0,520.0,246.0,248.0,150.0,323.0,206.0,266.0,97.0,326.0,573.0
1994,9,144.0,87.0,268.0,265.0,169.0,107.0,99.0,202.0,171.0,198.0,135.0,164.0,227.0
1994,10,87.0,40.0,199.0,88.0,55.0,66.0,80.0,132.0,130.0,109.0,106.0,69.0,145.0
1994,11,7.0,5.0,5.0,32.0,14.0,2.0,2.0,0.0,22.0,12.0,0.0,4.0,4.0
1994,12,0.0,0.0,0.0,0.0,0.0,0.0,0.0,0.0,0.0,0.0,0.0,0.0,0.0
1995,1,1.0,1.0,16.0,0.0,8.0,7.0,8.0,10.0,17.0,1.0,3.0,13.0,10.0
1995,2,62.0,52.0,18.0,3.0,31.0,8.0,24.0,19.0,31.0,7.0,3.0,42.0,29.0
1995,3,6.0,5.0,14.0,8.0,0.0,0.0,20.0,29.0,9.0,27.0,4.0,50.0,80.0
1995,4,12.0,50.0,0.0,24.0,88.0,45.0,1.0,81.0,8.0,44.0,1.0,1.0,176.0
1995,5,144.0,173.0,111.0,401.0,264.0,281.0,105.0,285.0,91.0,490.0,158.0,82.0,327.0
1995,6,657.0,531.0,462.0,565.0,237.0,395.0,215.0,565.0,291.0,339.0,369.0,351.0,941.0
1995,7,517.0,399.0,524.0,977.0,354.0,507.0,224.0,682.0,287.0,607.0,568.0,440.0,874.0
1995,8,342.0,281.0,438.0,559.0,360.0,366.0,307.0,528.0,270.0,351.0,388.0,232.0,832.0
1995,9,208.0,304.0,477.0,463.0,205.0,256.0,345.0,230.0,370.0,171.0,804.0,336.0,423.0
1995,10,156.0,60.0,117.0,46.0,91.0,42.0,8.0,115.0,13.0,146.0,51.0,57.0,79.0
1995,11,153.0,182.0,70.0,409.0,112.0,97.0,70.0,101.0,44.0,220.0,109.0,161.0,102.0
1995,12,0.0,0.0,1.0,0.0,1.0,2.0,3.0,0.0,1.0,0.0,3.0,0.0,0.0
1996,1,0.0,0.0,3.0,0.0,0.0,2.0,0.0,0.0,0.0,10.0,13.0,5.0,2.0
1996,2,19.0,8.0,28.0,83.0,21.0,15.0,25.0,14.0,21.0,17.0,0.0,30.0,76.0
1996,3,12.0,49.0,7.0,2.0,54.0,28.0,17.0,18.0,4.0,251.0,0.0,11.0,257.0
1996,4,131.0,138.0,104.0,77.0,199.0,182.0,104.0,42.0,73.0,87.0,39.0,119.0,252.0
1996,5,98.0,128.0,184.0,279.0,208.0,283.0,81.0,171.0,95.0,440.0,232.0,103.0,759.0
1996,6,446.0,546.0,283.0,671.0,343.0,316.0,295.0,210.0,284.0,455.0,396.0,357.0,518.0
1996,7,314.0,292.0,338.0,946.0,257.0,210.0,155.0,291.0,106.0,479.0,479.0,152.0,745.0
1996,8,322.0,401.0,185.0,702.0,361.0,447.0,271.0,276.0,270.0,437.0,353.0,224.0,745.0
1996,9,202.0,142.0,366.0,528.0,244.0,115.0,269.0,307.0,298.0,379.0,333.0,242.0,379.0
1996,10,270.0,169.0,176.0,446.0,357.0,212.0,183.0,291.0,118.0,246.0,159.0,332.0,281.0
1996,11,4.0,6.0,0.0,8.0,0.0,0.0,0.0,0.0,0.0,72.0,0.0,0.0,0.0
1996,12,1.0,2.0,0.0,0.0,0.0,0.0,0.0,0.0,0.0,4.0,0.0,0.0,0.0
1997,1,1.0,1.0,10.0,2.0,2.0,11.0,4.0,1.0,8.0,1.0,19.0,19.0,1.0
1997,2,30.0,43.0,11.0,20.0,7.0,26.0,43.0,12.0,35.0,14.0,14.0,35.0,27.0
1997,3,79.0,93.0,9.0,40.0,82.0,20.0,42.0,31.0,19.0,251.0,3.0,102.0,111.0
1997,4,203.0,169.0,140.0,28.0,133.0,156.0,110.0,172.0,56.0,33.0,113.0,235.0,170.0
1997,5,235.0,259.0,102.0,283.0,151.0,137.0,132.0,131.0,53.0,209.0,230.0,243.0,347.0
1997,6,205.0,112.0,199.0,390.0,249.0,266.0,199.0,396.0,242.0,508.0,276.0,215.0,796.0
1997,7,406.0,523.0,298.0,1277.0,549.0,337.0,486.0,523.0,763.0,657.0,523.0,447.0,681.0
1997,8,191.0,291.0,245.0,613.0,230.0,294.0,301.0,417.0,468.0,481.0,338.0,422.0,486.0
1997,9,378.0,439.0,220.0,640.0,440.0,162.0,473.0,485.0,348.0,443.0,410.0,332.0,946.0
1997,10,7.0,38.0,29.0,173.0,30.0,68.0,53.0,8.0,4.0,134.0,16.0,40.0,31.0
1997,11,11.0,0.0,2.0,37.0,1.0,53.0,15.0,11.0,44.0,19.0,2.0,4.0,23.0
1997,12,12.0,7.0,27.0,33.0,22.0,18.0,20.0,21.0,22.0,15.0,27.0,13.0,18.0
1998,1,148.0,54.0,10.0,15.0,49.0,49.0,16.0,9.0,16.0,21.0,0.0,53.0,7.0
1998,2,54.0,48.0,13.0,19.0,4.0,22.0,12.0,11.0,5.0,79.0,12.0,71.0,15.0
1998,3,273.0,193.0,26.0,20.0,83.0,69.0,68.0,68.0,52.0,137.0,50.0,164.0,239.0
1998,4,251.0,187.0,84.0,148.0,178.0,122.0,109.0,161.0,33.0,157.0,173.0,96.0,548.0
1998,5,179.0,264.0,143.0,381.0,405.0,205.0,269.0,299.0,129.0,658.0,202.0,159.0,366.0
1998,6,208.0,255.0,367.0,365.0,89.0,202.0,101.0,176.0,92.0,294.0,333.0,123.0,858.0
1998,7,616.0,500.0,749.0,1257.0,521.0,357.0,413.0,755.0,404.0,1065.0,473.0,320.0,1245.0
1998,8,516.0,483.0,563.0,1154.0,552.0,341.0,225.0,517.0,268.0,493.0,458.0,185.0,665.0
1998,9,254.0,263.0,283.0,323.0,246.0,282.0,285.0,270.0,310.0,287.0,255.0,189.0,313.0
1998,10,89.0,171.0,353.0,184.0,100.0,74.0,96.0,50.0,198.0,102.0,409.0,232.0,90.0
1998,11,270.0,124.0,10.0,87.0,83.0,95.0,42.0,31.0,33.0,19.0,0.0,135.0,42.0
1998,12,0.0,6.0,0.0,0.0,0.0,0.0,0.0,0.0,0.0,0.0,0.0,0.0,0.0
1999,1,0.0,0.0,0.0,0.0,0.0,0.0,0.0,0.0,0.0,0.0,0.0,0.0,0.0
1999,2,0.0,0.0,0.0,0.0,0.0,0.0,0.0,0.0,0.0,0.0,0.0,0.0,0.0
1999,3,0.0,0.0,0.0,0.0,0.0,0.0,0.0,1.0,0.0,3.0,7.0,0.0,49.0
1999,4,20.0,72.0,9.0,8.0,21.0,59.0,2.0,108.0,9.0,0.0,228.0,28.0,207.0
1999,5,212.0,319.0,261.0,578.0,428.0,208.0,203.0,415.0,144.0,379.0,336.0,272.0,731.0
1999,6,260.0,359.0,283.0,853.0,348.0,335.0,386.0,211.0,348.0,1117.0,447.0,217.0,472.0
1999,7,527.0,590.0,343.0,919.0,553.0,421.0,407.0,401.0,349.0,590.0,436.0,291.0,775.0
1999,8,404.0,432.0,397.0,1134.0,282.0,452.0,249.0,349.0,354.0,474.0,829.0,332.0,503.0
1999,9,301.0,398.0,145.0,391.0,361.0,204.0,297.0,175.0,502.0,201.0,337.0,361.0,253.0
1999,10,228.0,436.0,133.0,277.0,368.0,422.0,205.0,513.0,155.0,149.0,303.0,111.0,344.0
1999,11,1.0,0.0,17.0,1.0,13.0,4.0,3.0,1.0,1.0,3.0,8.0,4.0,0.0
1999,12,2.0,8.0,0.0,124.0,0.0,0.0,0.0,0.0,0.0,115.0,0.0,0.0,0.0
2000,1,19.0,42.0,18.0,1.0,13.0,17.0,8.0,18.0,4.0,41.0,1.0,20.0,48.0
2000,2,16.0,8.0,37.0,2.0,44.0,57.0,61.0,20.0,47.0,1.0,15.0,32.0,3.0
2000,3,50.0,61.0,76.0,96.0,172.0,31.0,20.0,74.0,27.0,112.0,3.0,10.0,119.0
2000,4,135.0,126.0,158.0,65.0,189.0,169.0,206.0,318.0,136.0,210.0,283.0,180.0,500.0
2000,5,246.0,279.0,272.0,589.0,608.0,398.0,233.0,462.0,198.0,698.0,416.0,194.0,670.0
2000,6,286.0,416.0,250.0,841.0,165.0,128.0,212.0,463.0,244.0,565.0,438.0,218.0,1120.0
2000,7,389.0,432.0,190.0,1300.0,197.0,153.0,241.0,150.0,115.0,207.0,166.0,403.0,330.0
2000,8,203.0,233.0,289.0,870.0,359.0,345.0,147.0,257.0,190.0,534.0,232.0,317.0,981.0
2000,9,245.0,206.0,466.0,503.0,216.0,399.0,551.0,385.0,644.0,164.0,172.0,486.0,733.0
2000,10,171.0,139.0,84.0,424.0,278.0,255.0,129.0,170.0,85.0,357.0,19.0,142.0,188.0
2000,11,10.0,89.0,0.0,16.0,0.0,0.0,0.0,0.0,0.0,45.0,0.0,0.0,0.0
2000,12,0.0,0.0,0.0,0.0,0.0,0.0,0.0,0.0,0.0,0.0,0.0,0.0,0.0
2001,1,0.0,0.0,0.0,0.0,0.0,0.0,0.0,0.0,0.0,0.0,0.0,0.0,0.0
2001,2,17.0,10.0,0.0,26.0,1.0,3.0,0.0,11.0,0.0,8.0,1.0,55.0,143.0
2001,3,4.0,4.0,0.0,0.0,33.0,21.0,20.0,16.0,9.0,1.0,23.0,38.0,42.0
2001,4,16.0,10.0,22.0,6.0,46.0,124.0,52.0,156.0,13.0,34.0,38.0,53.0,177.0
2001,5,282.0,450.0,223.0,379.0,402.0,286.0,257.0,358.0,209.0,282.0,235.0,223.0,481.0
2001,6,641.0,892.0,299.0,1373.0,386.0,325.0,409.0,408.0,324.0,569.0,481.0,411.0,729.0
2001,7,556.0,406.0,185.0,903.0,202.0,239.0,165.0,183.0,338.0,346.0,341.0,263.0,612.0
2001,8,191.0,198.0,115.0,534.0,205.0,222.0,158.0,227.0,209.0,332.0,346.0,236.0,609.0
2001,9,149.0,218.0,344.0,426.0,209.0,206.0,334.0,356.0,95.0,212.0,550.0,230.0,347.0
2001,10,305.0,290.0,203.0,236.0,177.0,165.0,74.0,222.0,184.0,181.0,470.0,122.0,281.0
2001,11,67.0,60.0,8.0,131.0,18.0,43.0,10.0,11.0,1.0,101.0,7.0,52.0,55.0
2001,12,0.0,0.0,0.0,0.0,0.0,0.0,0.0,0.0,0.0,0.0,0.0,0.0,0.0
2002,1,19.0,22.0,7.0,26.0,22.0,19.0,15.0,6.0,10.0,9.0,8.0,14.0,2.0
2002,2,0.0,0.0,0.0,0.0,4.0,0.0,2.0,0.0,1.0,0.0,6.0,0.0,2.0
2002,3,36.0,24.0,13.0,43.0,51.0,56.0,62.0,41.0,20.0,42.0,38.0,6.0,78.0
2002,4,101.0,65.0,284.0,92.0,111.0,91.0,72.0,259.0,96.0,66.0,376.0,91.0,441.0
2002,5,324.0,294.0,132.0,494.0,272.0,286.0,177.0,389.0,196.0,548.0,290.0,164.0,548.0
2002,6,577.0,474.0,254.0,503.0,373.0,395.0,296.0,606.0,222.0,262.0,913.0,536.0,701.0
2002,7,717.0,576.0,476.0,1236.0,446.0,586.0,253.0,440.0,316.0,852.0,582.0,434.0,841.0
2002,8,272.0,421.0,496.0,658.0,272.0,420.0,227.0,204.0,238.0,472.0,287.0,301.0,469.0
2002,9,346.0,320.0,326.0,316.0,156.0,158.0,240.0,255.0,281.0,353.0,521.0,245.0,396.0
2002,10,53.0,54.0,27.0,330.0,52.0,38.0,75.0,145.0,48.0,79.0,99.0,23.0,108.0
2002,11,92.0,74.0,21.0,219.0,36.0,130.0,47.0,87.0,17.0,94.0,7.0,89.0,132.0
2002,12,0.0,0.0,0.0,1.0,0.0,0.0,0.0,0.0,0.0,7.0,0.0,0.0,14.0
2003,1,0.0,0.0,4.0,0.0,0.0,0.0,0.0,0.0,3.0,0.0,8.0,0.0,0.0
2003,2,4.0,4.0,53.0,4.0,25.0,113.0,24.0,27.0,18.0,1.0,23.0,0.0,0.0
2003,3,117.0,48.0,72.0,68.0,96.0,110.0,73.0,87.0,64.0,36.0,109.0,121.0,170.0
2003,4,104.0,86.0,113.0,10.0,123.0,109.0,89.0,130.0,45.0,82.0,143.0,52.0,311.0
2003,5,85.0,101.0,214.0,574.0,140.0,89.0,58.0,267.0,84.0,273.0,160.0,174.0,359.0
2003,6,521.0,593.0,364.0,1349.0,473.0,294.0,353.0,420.0,280.0,1086.0,573.0,252.0,1038.0
2003,7,243.0,255.0,219.0,896.0,191.0,276.0,134.0,213.0,230.0,252.0,633.0,231.0,497.0
2003,8,186.0,269.0,220.0,655.0,202.0,120.0,87.0,124.0,128.0,222.0,183.0,260.0,438.0
2003,9,206.0,170.0,156.0,347.0,264.0,81.0,145.0,190.0,262.0,370.0,206.0,202.0,499.0
2003,10,301.0,263.0,264.0,207.0,134.0,182.0,134.0,345.0,292.0,93.0,340.0,420.0,237.0
2003,11,0.0,0.0,0.0,0.0,0.0,0.0,0.0,0.0,0.0,0.0,0.0,0.0,0.0
2003,12,28.0,30.0,13.0,3.0,45.0,26.0,5.0,10.0,6.0,59.0,24.0,25.0,7.0
2004,1,0.0,0.0,0.0,0.0,0.0,3.0,0.0,6.0,10.0,0.0,9.0,0.0,1.0
2004,2,0.0,0.0,0.0,0.0,0.0,0.0,0.0,2.0,0.0,0.0,0.0,0.0,8.0
2004,3,11.0,11.0,45.0,1.0,9.0,6.0,0.0,13.0,0.0,8.0,39.0,4.0,40.0
2004,4,87.0,129.0,90.0,204.0,167.0,52.0,127.0,244.0,61.0,170.0,196.0,122.0,622.0
2004,5,126.0,157.0,137.0,250.0,162.0,208.0,125.0,87.0,92.0,116.0,347.0,122.0,371.0
2004,6,316.0,580.0,638.0,705.0,476.0,420.0,292.0,392.0,507.0,841.0,352.0,382.0,553.0
2004,7,241.0,467.0,529.0,751.0,295.0,235.0,397.0,753.0,339.0,1076.0,653.0,324.0,1394.0
2004,8,478.0,460.0,261.0,686.0,191.0,155.0,156.0,241.0,275.0,229.0,133.0,435.0,545.0
2004,9,1067.0,993.0,206.0,438.0,839.0,764.0,541.0,250.0,349.0,491.0,464.0,398.0,478.0
2004,10,203.0,282.0,251.0,247.0,208.0,156.0,151.0,487.0,153.0,182.0,484.0,246.0,235.0
2004,11,0.0,1.0,0.0,0.0,0.0,0.0,0.0,0.0,0.0,0.0,0.0,0.0,5.0
2004,12,0.0,0.0,0.0,0.0,0.0,2.0,0.0,18.0,0.0,0.0,3.0,0.0,12.0
2005,1,11.0,7.0,5.0,6.0,1.0,8.0,14.0,3.0,14.0,2.0,11.0,6.0,0.0
2005,2,0.0,0.0,9.0,0.0,3.0,7.0,3.0,27.0,1.0,0.0,9.0,0.0,48.0
2005,3,138.0,106.0,58.0,27.0,155.0,136.0,75.0,77.0,104.0,74.0,61.0,120.0,388.0
2005,4,26.0,63.0,72.0,113.0,91.0,13.0,13.0,142.0,27.0,199.0,93.0,28.0,296.0
2005,5,85.0,87.0,138.0,178.0,291.0,68.0,89.0,495.0,108.0,238.0,271.0,80.0,895.0
2005,6,326.0,181.0,130.0,848.0,259.0,233.0,199.0,255.0,92.0,185.0,428.0,261.0,354.0
2005,7,463.0,860.0,471.0,608.0,542.0,384.0,378.0,405.0,492.0,274.0,671.0,497.0,978.0
2005,8,302.0,460.0,328.0,957.0,361.0,276.0,246.0,514.0,161.0,644.0,400.0,158.0,626.0
2005,9,174.0,197.0,356.0,342.0,514.0,167.0,137.0,360.0,131.0,323.0,328.0,338.0,319.0
2005,10,415.0,397.0,523.0,257.0,417.0,357.0,664.0,394.0,275.0,125.0,581.0,484.0,259.0
2005,11,0.0,0.0,0.0,23.0,3.0,0.0,0.0,0.0,0.0,53.0,0.0,0.0,0.0
2005,12,3.0,8.0,1.0,25.0,0.0,1.0,1.0,0.0,0.0,7.0,0.0,10.0,0.0
2006,1,0.0,0.0,0.0,0.0,0.0,0.0,0.0,0.0,0.0,0.0,0.0,0.0,0.0
2006,2,0.0,0.0,0.0,0.0,0.0,0.0,0.0,0.0,0.0,0.0,1.0,0.0,62.0
2006,3,4.0,7.0,12.0,0.0,0.0,0.0,2.0,2.0,7.0,0.0,2.0,24.0,16.0
2006,4,41.0,8.0,143.0,114.0,181.0,128.0,74.0,153.0,36.0,36.0,85.0,59.0,353.0
2006,5,274.0,399.0,193.0,800.0,185.0,218.0,213.0,379.0,189.0,701.0,367.0,285.0,572.0
2006,6,352.0,311.0,184.0,662.0,326.0,229.0,199.0,371.0,188.0,313.0,472.0,260.0,1288.0
2006,7,384.0,353.0,192.0,802.0,331.0,340.0,233.0,274.0,130.0,476.0,271.0,548.0,436.0
2006,8,378.0,447.0,138.0,385.0,167.0,192.0,244.0,339.0,247.0,370.0,96.0,359.0,424.0
2006,9,522.0,626.0,174.0,678.0,663.0,486.0,277.0,420.0,302.0,302.0,235.0,403.0,288.0
2006,10,41.0,38.0,69.0,78.0,61.0,55.0,4.0,23.0,36.0,99.0,120.0,63.0,72.0
2006,11,2.0,0.0,1.0,10.0,5.0,1.0,40.0,0.0,10.0,19.0,8.0,0.0,12.0
2006,12,0.0,0.0,0.0,0.0,0.0,0.0,0.0,0.0,0.0,0.0,25.0,0.0,3.0
2007,1,0.0,0.0,0.0,0.0,0.0,0.0,0.0,0.0,0.0,0.0,0.0,1.0,0.0
2007,2,72.0,80.0,18.0,65.0,30.0,59.0,35.0,55.0,27.0,58.0,47.0,116.0,34.0
2007,3,33.0,27.0,25.0,0.0,11.0,4.0,22.0,18.0,59.0,32.0,16.0,19.0,41.0
2007,4,50.0,140.0,28.0,100.0,163.0,60.0,30.0,208.0,13.0,168.0,39.0,76.0,481.0
2007,5,146.0,140.0,92.0,373.0,185.0,93.0,50.0,123.0,260.0,280.0,233.0,41.0,669.0
2007,6,471.0,440.0,732.0,640.0,628.0,528.0,269.0,849.0,313.0,591.0,568.0,254.0,869.0
2007,7,560.0,511.0,320.0,1274.0,753.0,676.0,516.0,726.0,364.0,712.0,558.0,466.0,786.0
2007,8,218.0,203.0,256.0,526.0,505.0,216.0,285.0,368.0,236.0,268.0,149.0,167.0,578.0
2007,9,326.0,411.0,302.0,409.0,179.0,130.0,220.0,149.0,309.0,535.0,277.0,459.0,594.0
2007,10,357.0,277.0,131.0,492.0,320.0,180.0,131.0,219.0,76.0,351.0,138.0,175.0,142.0
2007,11,95.0,99.0,15.0,127.0,111.0,94.0,15.0,67.0,1.0,81.0,12.0,98.0,144.0
2007,12,0.0,0.0,0.0,0.0,0.0,0.0,0.0,0.0,0.0,0.0,0.0,0.0,0.0
2008,1,41.0,23.0,27.0,15.0,23.0,42.0,37.0,30.0,26.0,47.0,36.0,92.0,19.0
2008,2,24.0,15.0,0.0,50.0,56.0,45.0,2.0,5.0,0.0,8.0,1.0,39.0,35.0
2008,3,22.0,4.0,22.0,4.0,45.0,31.0,12.0,96.0,0.0,5.0,49.0,16.0,165.0
2008,4,16.0,16.0,20.0,0.0,91.0,31.0,35.0,25.0,30.0,0.0,74.0,85.0,162.0
2008,5,64.0,162.0,213.0,244.0,205.0,58.0,145.0,280.0,144.0,188.0,273.0,129.0,501.0
2008,6,239.0,313.0,393.0,1318.0,409.0,236.0,206.0,675.0,247.0,262.0,444.0,200.0,648.0
2008,7,550.0,729.0,474.0,1275.0,563.0,430.0,295.0,473.0,373.0,433.0,232.0,280.0,604.0
2008,8,357.0,247.0,374.0,664.0,319.0,175.0,208.0,354.0,245.0,400.0,396.0,257.0,761.0
2008,9,210.0,155.0,109.0,387.0,279.0,223.0,256.0,131.0,129.0,240.0,227.0,275.0,264.0
2008,10,341.0,348.0,159.0,184.0,227.0,172.0,108.0,170.0,121.0,172.0,175.0,170.0,192.0
2008,11,0.0,0.0,0.0,3.0,0.0,0.0,0.0,0.0,0.0,25.0,0.0,0.0,0.0
2008,12,0.0,0.0,0.0,0.0,0.0,0.0,0.0,0.0,0.0,0.0,0.0,0.0,0.0
2009,1,0.0,0.0,0.0,0.0,1.0,0.0,0.0,0.0,1.0,0.0,0.0,0.0,0.0
2009,2,20.0,3.0,3.0,0.0,1.0,2.0,4.0,0.0,7.0,0.0,0.0,0.0,20.0
2009,3,13.0,6.0,3.0,0.0,43.0,31.0,71.0,17.0,28.0,1.0,9.0,3.0,63.0
2009,4,112.0,117.0,49.0,130.0,14.0,15.0,16.0,54.0,0.0,61.0,158.0,12.0,427.0
2009,5,133.0,244.0,205.0,241.0,168.0,166.0,134.0,411.0,131.0,264.0,270.0,179.0,576.0
2009,6,139.0,175.0,128.0,324.0,170.0,175.0,73.0,130.0,126.0,295.0,336.0,55.0,469.0
2009,7,542.0,544.0,194.0,971.0,676.0,523.0,299.0,431.0,183.0,639.0,304.0,251.0,599.0
2009,8,518.0,448.0,570.0,944.0,482.0,435.0,278.0,359.0,240.0,472.0,832.0,512.0,674.0
2009,9,168.0,219.0,169.0,485.0,298.0,165.0,350.0,231.0,282.0,276.0,77.0,337.0,323.0
2009,10,162.0,146.0,89.0,130.0,74.0,69.0,67.0,29.0,45.0,338.0,231.0,82.0,136.0
2009,11,13.0,18.0,0.0,58.0,4.0,3.0,0.0,0.0,0.0,49.0,0.0,19.0,0.0
2009,12,0.0,0.0,0.0,0.0,0.0,0.0,0.0,0.0,0.0,0.0,0.0,0.0,0.0
2010,1,0.0,0.0,0.0,0.0,0.0,0.0,0.0,0.0,0.0,0.0,0.0,0.0,0.0
2010,2,1.0,0.0,0.0,0.0,48.0,6.0,4.0,4.0,2.0,9.0,0.0,3.0,1.0
2010,3,1.0,1.0,0.0,15.0,22.0,0.0,0.0,16.0,2.0,121.0,0.0,1.0,147.0
2010,4,10.0,10.0,29.0,12.0,37.0,12.0,46.0,123.0,37.0,112.0,169.0,25.0,804.0
2010,5,212.0,195.0,185.0,717.0,177.0,142.0,100.0,337.0,75.0,424.0,237.0,214.0,728.0
2010,6,481.0,401.0,286.0,982.0,308.0,367.0,163.0,384.0,211.0,653.0,650.0,318.0,946.0
2010,7,251.0,353.0,92.0,496.0,167.0,215.0,174.0,458.0,94.0,304.0,346.0,269.0,528.0
2010,8,156.0,91.0,225.0,501.0,340.0,209.0,127.0,368.0,101.0,496.0,240.0,155.0,767.0
2010,9,184.0,232.0,244.0,257.0,169.0,195.0,109.0,211.0,101.0,183.0,332.0,202.0,732.0
2010,10,275.0,442.0,190.0,375.0,174.0,189.0,105.0,148.0,127.0,281.0,122.0,92.0,231.0
2010,11,64.0,39.0,3.0,15.0,0.0,12.0,3.0,4.0,3.0,45.0,4.0,1.0,10.0
2010,12,27.0,8.0,20.0,68.0,81.0,62.0,63.0,42.0,39.0,17.0,2.0,15.0,45.0
2011,1,0.0,0.0,1.0,11.0,0.0,0.0,4.0,1.0,6.0,1.0,0.0,0.0,0.0
2011,2,0.0,0.0,0.0,0.0,0.0,0.0,1.0,12.0,0.0,1.0,20.0,1.0,3.0
2011,3,34.0,32.0,7.0,4.0,20.0,17.0,30.0,32.0,10.0,49.0,13.0,58.0,99.0
2011,4,105.0,66.0,145.0,123.0,123.0,109.0,96.0,80.0,94.0,78.0,28.0,58.0,78.0
2011,5,153.0,317.0,194.0,296.0,235.0,163.0,155.0,239.0,187.0,169.0,261.0,218.0,403.0
2011,6,481.0,425.0,193.0,926.0,314.0,383.0,253.0,449.0,341.0,516.0,306.0,450.0,578.0
2011,7,314.0,398.0,175.0,877.0,356.0,253.0,289.0,333.0,144.0,463.0,389.0,428.0,673.0
2011,8,428.0,383.0,606.0,1226.0,409.0,469.0,645.0,741.0,454.0,566.0,542.0,638.0,722.0
2011,9,337.0,331.0,389.0,692.0,207.0,113.0,261.0,242.0,203.0,420.0,366.0,217.0,490.0
2011,10,56.0,63.0,0.0,280.0,112.0,2.0,2.0,18.0,35.0,98.0,6.0,53.0,55.0
2011,11,1.0,0.0,11.0,0.0,0.0,0.0,0.0,0.0,1.0,0.0,1.0,0.0,0.0
2011,12,0.0,0.0,0.0,5.0,0.0,0.0,0.0,0.0,0.0,0.0,0.0,0.0,0.0
2012,1,31.0,6.0,19.0,0.0,10.0,30.0,12.0,18.0,6.0,0.0,7.0,36.0,10.0
2012,2,2.0,1.0,0.0,0.0,1.0,1.0,0.0,0.0,0.0,0.0,2.0,14.0,0.0
2012,3,11.0,8.0,0.0,109.0,37.0,4.0,5.0,1.0,6.0,91.0,2.0,0.0,101.0
2012,4,223.0,191.0,74.0,148.0,269.0,168.0,51.0,202.0,123.0,284.0,191.0,94.0,659.0
2012,5,105.0,96.0,94.0,254.0,137.0,109.0,69.0,85.0,17.0,187.0,212.0,72.0,406.0
2012,6,205.0,233.0,147.0,1102.0,175.0,128.0,177.0,241.0,137.0,834.0,369.0,199.0,1185.0
2012,7,275.0,323.0,186.0,1130.0,226.0,252.0,215.0,409.0,314.0,489.0,445.0,239.0,700.0
2012,8,270.0,285.0,164.0,801.0,282.0,221.0,97.0,238.0,179.0,297.0,187.0,314.0,738.0
2012,9,381.0,191.0,345.0,302.0,81.0,165.0,178.0,221.0,178.0,268.0,405.0,282.0,261.0
2012,10,70.0,123.0,74.0,263.0,38.0,83.0,157.0,45.0,102.0,344.0,57.0,95.0,502.0
2012,11,44.0,35.0,36.0,14.0,68.0,111.0,86.0,19.0,101.0,23.0,0.0,105.0,48.0
2012,12,0.0,1.0,1.0,0.0,5.0,7.0,15.0,0.0,1.0,0.0,0.0,8.0,0.0
2013,1,0.0,0.0,0.0,0.0,0.0,0.0,1.0,0.0,0.0,0.0,0.0,5.0,0.0
2013,2,6.0,9.0,22.0,0.0,8.0,12.0,14.0,18.0,22.0,2.0,14.0,12.0,7.0
2013,3,5.0,0.0,3.0,0.0,26.0,12.0,0.0,21.0,12.0,2.0,4.0,37.0,16.0
2013,4,64.0,28.0,0.0,54.0,32.0,55.0,69.0,69.0,51.0,83.0,115.0,29.0,229.0
2013,5,701.0,655.0,152.0,700.0,378.0,380.0,182.0,308.0,188.0,435.0,383.0,310.0,959.0
2013,6,277.0,270.0,204.0,876.0,325.0,291.0,264.0,267.0,178.0,280.0,327.0,245.0,729.0
2013,7,377.0,327.0,283.0,772.0,302.0,198.0,130.0,318.0,101.0,274.0,296.0,266.0,567.0
2013,8,398.0,477.0,256.0,1000.0,212.0,264.0,218.0,343.0,254.0,200.0,268.0,215.0,520.0
2013,9,312.0,228.0,99.0,237.0,138.0,225.0,121.0,132.0,238.0,476.0,229.0,296.0,347.0
2013,10,181.0,200.0,200.0,420.0,131.0,202.0,130.0,263.0,204.0,198.0,280.0,247.0,451.0
2013,11,0.0,0.0,0.0,0.0,0.0,0.0,0.0,0.0,0.0,0.0,0.0,0.0,0.0
2013,12,0.0,0.0,0.0,0.0,4.0,0.0,0.0,0.0,0.0,0.0,0.0,0.0,0.0
2014,1,0.0,0.0,0.0,0.0,0.0,0.0,3.0,0.0,0.0,0.0,0.0,0.0,0.0
2014,2,15.0,16.0,46.0,29.0,12.0,12.0,33.0,42.0,27.0,23.0,26.0,31.0,34.0
2014,3,13.0,14.0,8.0,1.0,10.0,0.0,32.0,24.0,12.0,17.0,1.0,36.0,78.0
2014,4,0.0,9.0,43.0,4.0,80.0,29.0,19.0,78.0,51.0,1.0,15.0,0.0,118.0
2014,5,235.0,129.0,196.0,139.0,147.0,191.0,129.0,160.0,151.0,339.0,214.0,162.0,540.0
2014,6,341.0,479.0,585.0,677.0,342.0,446.0,525.0,342.0,188.0,610.0,255.0,330.0,724.0
2014,7,277.0,299.0,211.0,717.0,212.0,246.0,182.0,303.0,242.0,161.0,110.0,243.0,316.0
2014,8,253.0,496.0,226.0,611.0,391.0,381.0,249.0,559.0,359.0,294.0,362.0,175.0,797.0
2014,9,254.0,269.0,329.0,264.0,156.0,165.0,179.0,410.0,153.0,316.0,599.0,242.0,732.0
2014,10,66.0,51.0,64.0,41.0,49.0,82.0,89.0,16.0,5.0,152.0,53.0,79.0,33.0
2014,11,0.0,0.0,0.0,0.0,0.0,0.0,0.0,0.0,0.0,10.0,0.0,0.0,0.0
2014,12,0.0,0.0,0.0,0.0,0.0,0.0,0.0,0.0,0.0,0.0,0.0,0.0,0.0
2015,1,3.0,1.0,12.0,10.0,3.0,6.0,0.0,15.0,14.0,0.0,25.0,59.0,16.0
2015,2,24.0,10.0,72.0,0.0,17.0,21.0,8.0,19.0,14.0,0.0,24.0,10.0,40.0
2015,3,18.0,42.0,21.0,16.0,4.0,2.0,38.0,1.0,39.0,52.0,15.0,32.0,28.0
2015,4,135.0,96.0,202.0,72.0,166.0,159.0,111.0,203.0,144.0,238.0,123.0,167.0,539.0
2015,5,72.0,76.0,220.0,96.0,185.0,147.0,147.0,212.0,177.0,130.0,298.0,16.0,747.0
2015,6,641.0,707.0,310.0,1573.0,375.0,347.0,332.0,502.0,285.0,562.0,524.0,226.0,857.0
2015,7,785.0,743.0,213.0,1400.0,623.0,540.0,394.0,329.0,353.0,1035.0,234.0,681.0,644.0
2015,8,254.0,416.0,293.0,657.0,395.0,304.0,254.0,413.0,127.0,714.0,687.0,229.0,754.0
2015,9,352.0,372.0,198.0,618.0,346.0,215.0,213.0,308.0,254.0,386.0,484.0,308.0,832.0
2015,10,128.0,178.0,40.0,207.0,51.0,80.0,82.0,78.0,7.0,213.0,3.0,57.0,53.0
2015,11,19.0,6.0,0.0,40.0,0.0,0.0,3.0,4.0,6.0,10.0,0.0,0.0,4.0
2015,12,3.0,2.0,0.0,27.0,1.0,6.0,2.0,0.0,1.0,2.0,0.0,7.0,7.0
2016,1,1.0,2.0,15.0,0.0,3.0,2.0,30.0,19.0,42.0,3.0,12.0,3.0,11.0
2016,2,31.0,31.0,0.0,0.0,13.0,16.0,12.0,8.0,3.0,85.0,0.0,136.0,28.0
2016,3,8.0,24.0,2.0,25.0,55.0,24.0,112.0,47.0,25.0,11.0,123.0,7.0,134.0
2016,4,51.0,34.0,28.0,22.0,55.0,57.0,52.0,111.0,175.0,29.0,49.0,14.0,1004.0
2016,5,438.0,473.0,251.0,359.0,212.0,222.0,177.0,326.0,212.0,274.0,313.0,235.0,703.0
2016,6,318.0,328.0,84.0,538.0,212.0,281.0,136.0,391.0,109.0,513.0,390.0,184.0,657.0
2016,7,497.0,378.0,327.0,1113.0,405.0,500.0,240.0,518.0,376.0,405.0,749.0,226.0,531.0
2016,8,574.0,567.0,132.0,472.0,171.0,305.0,132.0,106.0,168.0,239.0,118.0,202.0,396.0
2016,9,286.0,277.0,135.0,309.0,138.0,125.0,381.0,409.0,170.0,214.0,285.0,131.0,561.0
2016,10,55.0,173.0,107.0,418.0,76.0,89.0,42.0,32.0,95.0,139.0,120.0,167.0,158.0
2016,11,92.0,173.0,0.0,41.0,25.0,28.0,2.0,1.0,0.0,120.0,0.0,40.0,108.0
2016,12,0.0,0.0,0.0,0.0,0.0,0.0,0.0,0.0,0.0,0.0,6.0,0.0,5.0
