time,DMP,CMP,KMP,RMP,BMP,SMP,RPMP,GMP,Dhaka Range,Mymensingh Range,Chittagong Range,Sylhet Range,Khulna Range,Barishal Range,Rajshahi Range,Rangpur Range,Railway Range
2019-01-01,2153,678,317,401,166,143,121,244,3089,1004,2396,725,1585,895,2011,1472,84
2019-02-01,2040,571,265,396,134,120,128,287,2855,1047,2608,724,1781,870,2248,1501,87
2019-03-01,2433,674,285,362,160,155,108,353,2958,1001,2378,738,1505,926,2015,1417,89
2019-04-01,2515,763,260,533,169,166,153,319,3591,1174,2893,825,1610,1067,2276,1721,100
2019-05-01,2636,936,183,460,184,176,145,327,3673,1253,3166,921,1690,1098,2278,1741,88
2019-06-01,1967,718,183,363,172,179,131,364,3025,1319,2907,762,1651,995,2176,1604,64
2019-07-01,2640,750,147,530,181,209,150,418,3064,1275,2609,804,2001,961,2329,1811,107
2019-08-01,2189,730,145,450,218,202,149,356,3005,1262,2633,826,1730,982,2267,1933,69
2019-09-01,2549,756,203,451,220,192,129,390,3044,1543,2731,865,1880,975,2627,1931,77
2019-10-01,2246,766,160,410,184,174,170,361,2856,1212,2563,791,1713,929,2470,1633,72
2019-11-01,2329,729,153,412,163,191,126,293,2670,1242,2391,713,1679,821,2401,1565,68
2019-12-01,2237,652,146,358,151,171,123,352,2428,1156,2234,715,1590,817,2388,1373,69
2020-01-01,2247,694,179,388,185,151,134,338,2447,1422,2473,708,1594,842,2567,1565,72
2020-02-01,2131,651,175,369,174,158,138,336,2472,1151,2428,687,1611,837,2548,1542,64
2020-03-01,2059,635,134,364,169,161,167,311,2390,1095,2429,701,1639,968,2420,1460,48
2020-04-01,351,166,21,120,75,84,56,117,1248,826,1523,485,1107,745,1114,1057,3
2020-05-01,518,233,41,146,58,146,76,143,1716,1016,2195,666,1208,778,1246,1320,7
2020-06-01,1177,330,73,128,77,113,105,188,2134,993,2004,609,1458,735,1623,1427,18
2020-07-01,2409,652,244,154,112,162,134,285,2503,1146,2781,830,1743,812,2204,1621,31
2020-08-01,1861,441,180,282,122,157,156,303,2320,1131,2260,824,1502,846,2083,1675,22
2020-09-01,2487,571,213,379,127,164,130,267,2378,973,2219,772,1545,822,2128,1443,32
2020-10-01,2546,701,161,435,158,174,173,230,2458,1105,2665,778,1635,872,2215,1465,42
2020-11-01,2480,633,212,509,145,241,136,235,2614,1064,2364,714,1512,868,1974,1459,59
2020-12-01,2407,581,131,402,135,249,133,244,2175,1025,2346,710,1384,755,1652,1458,38
2021-01-01,2505,572,144,426,127,236,164,223,2236,1081,2283,703,1539,752,1685,1384,41
2021-02-01,2075,584,154,323,107,236,131,214,2322,967,2253,720,1570,738,1709,1387,55
2021-03-01,2290,688,177,393,126,199,153,284,2559,1291,2741,720,1941,879,1989,1572,50
2021-04-01,1789,539,152,227,141,243,146,215,2451,1181,2492,720,1632,898,1938,1518,20
2021-05-01,1983,572,154,269,136,234,144,208,2440,1272,2866,766,1650,931,1898,1636,13
2021-06-01,2388,656,170,209,156,222,156,224,2636,1179,2769,776,1613,859,1926,1573,34
2021-07-01,1781,409,125,232,139,187,135,197,2189,1058,2503,688,1336,721,1817,1395,13
2021-08-01,2313,533,169,446,166,223,143,225,2403,1242,2728,745,1621,787,2564,1549,39
2021-09-01,2387,581,145,377,153,255,146,231,2334,1163,2763,736,1536,750,2323,1370,66
2021-10-01,2523,501,152,365,176,214,145,238,2208,988,2442,606,1435,835,2173,1229,40
2021-11-01,2951,578,149,308,152,237,127,209,2101,942,2304,643,1300,685,1807,1130,47
2021-12-01,2476,530,141,299,128,201,138,170,2046,906,2152,521,1353,700,1719,1194,41
2022-01-01,2548,546,157,309,167,206,171,193,2277,986,2391,590,1492,766,1940,1224,64
2022-02-01,2475,478,150,277,150,180,115,193,2326,997,2361,603,1564,710,2035,1229,59
2022-03-01,2646,475,145,343,203,226,141,253,2636,1185,2721,794,1525,811,2254,1402,84
2022-04-01,2418,571,132,276,164,204,153,228,2736,1363,2746,791,1757,851,2297,1539,61
2022-05-01,2488,499,131,334,168,177,128,212,2660,1253,2586,768,1615,860,2362,1490,57
2022-06-01,2513,451,144,299,150,188,113,215,2627,1170,2584,627,1784,767,2267,1394,69
2022-07-01,2239,442,121,287,143,209,109,189,2532,1202,2593,706,1670,790,2375,1471,59
2022-08-01,2618,546,134,347,145,217,122,216,2635,1385,2633,772,1704,741,2544,1650,76
2022-09-01,2342,471,148,307,146,204,111,226,2547,1199,2499,784,1755,714,2196,1546,75
2022-10-01,2340,457,133,301,158,200,121,245,2603,1103,2436,711,1628,878,2209,1407,78
2022-11-01,2369,467,125,280,162,169,110,270,2524,1141,2299,663,1642,651,2208,1419,54
2022-12-01,1753,390,149,273,140,141,90,219,2271,950,2149,624,1471,687,1867,1343,50
2023-01-01,2218,451,155,261,147,150,106,205,2353,1008,2218,686,1533,712,1978,1367,59
2023-02-01,2119,453,118,231,133,152,107,255,2360,1042,2132,625,1552,625,1989,1337,75
2023-03-01,2275,528,152,207,153,181,111,211,2747,1088,2465,779,1782,728,2266,1527,62
2023-04-01,1888,523,128,181,143,201,98,194,2744,1207,2426,822,1659,747,2043,1599,41
2023-05-01,2242,529,148,232,150,207,102,146,2948,1239,2674,819,1781,858,2197,1623,48
2023-06-01,2095,471,123,123,124,150,98,226,2692,1099,2486,668,1792,762,2118,1515,44
2023-07-01,2266,425,176,179,182,187,131,224,2804,1115,2652,681,1728,823,2440,1676,49
2023-08-01,2327,503,204,231,154,176,143,292,2792,1138,2479,704,1679,791,2319,1721,46
2023-09-01,2160,467,180,164,170,173,100,238,2567,1083,2357,663,1685,733,2193,1512,54
2023-10-01,1938,430,238,232,156,162,131,268,2373,961,2401,634,1596,877,2123,1415,54
2023-11-01,1614,398,164,213,128,160,102,192,2145,821,1990,546,1326,689,1780,1352,61
2023-12-01,1907,465,202,271,104,139,121,245,2169,751,2137,523,1316,694,1964,1416,59
2024-01-01,1725,422,176,242,121,138,117,237,2180,836,2034,510,1324,720,1913,1307,41
2024-02-01,1769,519,221,235,127,141,118,260,2532,948,2180,625,1536,766,2068,1382,63
2024-03-01,2091,461,211,236,153,157,126,277,2742,1033,2463,697,1629,943,2449,1558,54
2024-04-01,1685,410,195,240,169,162,116,249,2667,1103,2418,735,1629,933,2378,1677,53
2024-05-01,1926,454,217,248,155,165,129,297,2668,902,2171,629,1545,787,2169,1491,58
2024-06-01,1612,367,181,260,145,137,118,211,2502,948,2241,589,1649,936,2069,1590,49
2024-07-01,1425,330,195,198,146,153,109,256,2329,890,2084,677,1653,851,2083,1507,80
2024-08-01,566,246,68,111,83,110,61,116,1393,563,1223,465,882,664,1169,1088,25
2024-09-01,1008,380,121,127,99,152,75,151,1859,743,1960,715,1218,752,1458,1382,45
2024-10-01,1248,356,164,150,111,140,89,177,2026,778,2225,732,1316,809,1486,1402,56
2024-11-01,1324,376,153,158,118,150,79,206,2232,783,2271,750,1378,821,1587,1376,65
2024-12-01,1585,338,143,177,118,149,78,195,2068,833,2170,674,1325,742,1508,1465,54
2025-01-01,1791,371,178,166,132,146,74,257,2378,867,2199,711,1349,847,1575,1473,58
2025-02-01,1566,304,148,176,100,145,64,209,2146,792,1950,675,1191,770,1370,1357,39
2025-03-01,1754,437,170,135,110,165,69,244,2691,1009,2556,901,1551,974,1853,1546,75
2025-04-01,1547,400,155,174,139,137,69,237,2730,1049,2626,780,1676,1014,1995,1583,57
2025-05-01,1733,408,175,203,140,134,86,270,2744,934,2574,805,1496,980,1790,1493,80
2025-06-01,1456,350,141,167,115,111,77,201,2635,1068,2402,698,1380,925,1736,1645,60
2025-07-01,1606,422,140,203,123,107,74,238,2746,934,2421,746,1347,875,1634,1688,85
2025-08-01,1606,400,155,200,125,125,61,250,2795,908,2630,705,1346,990,1573,1700,87
2025-09-01,1529,403,140,179,125,165,67,250,2818,953,2680,763,1341,941,1568,1419,90
2025-10-01,1531,448,158,176,147,184,66,283,3073,939,2793,749,1366,1031,1620,1525,81
2025-11-01,1383,412,136,148,156,196,67,270,2740,855,2411,756,1192,907,1394,1369,73
2025-12-01,1264,368,105,160,111,161,86,237,2545,745,2234,747,1124,729,1329,1222,65
2026-01-01,1352,422,115,167,109,152,73,260,2808,811,2389,717,1251,816,1330,1220,66
2026-02-01,1041,340,91,90,106,123,57,213,2371,711,1984,576,1053,775,1146,1054,44
2026-03-01,1305,408,105,132,131,170,112,307,3198,946,2637,893,1537,1050,1672,1485,69
2026-04-01,1488,521,114,168,154,173,124,355,3494,938,2898,807,1511,1038,1723,1600,74
2026-05-01,1365,469,149,181,191,183,146,361,3577,1051,3004,859,1801,1175,1754,1822,61
2026-06-01,1411,496,149,229,162,150,156,358,3775,1063,3088,871,1867,1146,1911,1919,69
2026-07-01,1434,436,138,245,159,155,139,384,3413,991,2827,882,1733,1084,2015,1786,90
